#{"t_start": 1716825818.5659237, "env_id": "None"}
r,l,t
-10.05,6,1.47963
-10.02,3,1.48463
-10.02,3,1.488139
-10.02,3,1.492149
-10.43,44,1.530948
-10.05,6,1.535439
-10.14,15,1.546953
-10.02,3,1.550466
-10.35,36,1.575623
-10.28,29,1.596809
-10.27,28,1.616925
-10.2,21,1.635067
-10.02,3,1.637083
-10.02,3,1.640333
-10.33,34,1.663487
-11.1,111,1.744973
-12.11,212,1.936927
-10.08,9,1.942927
-10.02,3,1.944928
-11.05,106,2.025344
-10.34,35,2.051087
-10.02,3,2.054082
-10.16,17,2.069277
-10.03,4,2.072318
-10.37,38,2.101936
-10.02,3,2.104927
-10.04,5,2.108928
-10.02,3,2.112473
-11.05,106,2.191734
-10.52,53,2.244582
-10.02,3,2.247909
-10.28,29,2.276726
-10.04,5,2.289246
-10.84,85,2.376033
-10.02,3,2.378432
-10.03,4,2.381432
-10.14,15,2.402133
-10.06,7,2.410167
-10.02,3,2.415167
-10.54,55,2.477254
-10.02,3,2.481817
-10.16,17,2.504828
-10.5,51,2.55687
-10.59,60,2.5978
-10.02,3,2.5998
-10.02,3,2.601801
-10.43,44,2.635584
-10.02,3,2.637583
-10.11,12,2.653144
-10.02,3,2.655144
-10.24,25,2.672717
-10.29,30,2.694125
-10.04,5,2.698126
-10.69,70,2.75193
-10.04,5,2.758931
-10.32,33,2.796987
-10.02,3,2.800987
-10.67,68,2.880943
-10.02,3,2.88594
-10.02,3,2.890452
-11.07,108,3.014365
-10.02,3,3.018357
-10.06,7,3.026895
-11.12,113,3.138587
-10.31,32,3.192884
-10.5,51,3.297679
-10.02,3,3.301192
-10.03,4,3.305191
-10.68,69,3.364846
-10.33,34,3.397387
-10.03,4,3.402387
-10.03,4,3.4069
499.82,19,3.424931
-10.23,24,3.445945
-10.04,5,3.450452
-10.02,3,3.453455
-10.02,3,3.456456
-10.03,4,3.459964
-10.14,15,3.477486
-10.04,5,3.483741
-10.05,6,3.495282
-10.2,21,3.511953
-10.02,3,3.515952
-10.03,4,3.519459
-10.29,30,3.547487
-10.87,88,3.653956
-10.08,9,3.662962
-10.03,4,3.666471
-10.02,3,3.668471
-10.18,19,3.681984
-10.02,3,3.683984
-10.02,3,3.687495
-10.02,3,3.689495
-10.1,11,3.700008
-10.06,7,3.705009
-10.13,14,3.715521
-10.25,26,3.740054
499.82,19,3.758957
-10.03,4,3.762132
-10.02,3,3.765132
-10.02,3,3.767132
-10.02,3,3.769638
-10.02,3,3.772643
-10.02,3,3.774642
-10.02,3,3.777642
-10.02,3,3.78015
-10.03,4,3.783155
-10.02,3,3.786156
-10.48,49,3.822299
-10.02,3,3.8253
-10.44,45,3.855538
-10.9,91,3.921616
-10.82,83,4.032666
-10.05,6,4.040672
499.91,10,4.054382
-10.15,16,4.073954
-10.04,5,4.077951
-10.02,3,4.080951
-10.04,5,4.084464
-10.04,5,4.088466
-10.02,3,4.091466
-10.04,5,4.094978
-10.22,23,4.111112
-10.02,3,4.11419
-10.02,3,4.117189
-10.21,22,4.133272
-10.02,3,4.138785
-10.02,3,4.140784
-10.02,3,4.149313
-10.02,3,4.151827
-10.02,3,4.155341
-10.07,8,4.166859
-10.03,4,4.172858
-10.02,3,4.177374
-10.02,3,4.182374
-11.03,104,4.311371
-10.04,5,4.318908
-10.03,4,4.324918
-10.12,13,4.370776
499.91,10,4.394799
-10.19,20,4.450101
-10.02,3,4.454816
-10.05,6,4.465326
-10.03,4,4.470326
-10.05,6,4.481839
-10.93,94,4.555942
-10.1,11,4.564914
-10.22,23,4.584936
-10.05,6,4.589442
-10.02,3,4.592448
-10.03,4,4.595449
-10.02,3,4.598449
-10.03,4,4.601962
-10.02,3,4.604961
-10.03,4,4.607963
-10.02,3,4.611475
-10.17,18,4.624985
-10.02,3,4.626987
-10.03,4,4.629987
-10.03,4,4.6345
-10.04,5,4.644029
-11.39,140,4.754414
-10.03,4,4.757446
-10.03,4,4.760446
-10.03,4,4.764445
-10.04,5,4.76796
-10.04,5,4.771992
499.93,8,4.777534
-10.05,6,4.782534
-10.02,3,4.784534
-10.04,5,4.791114
-10.05,6,4.795115
-10.04,5,4.799657
-10.02,3,4.802658
-10.02,3,4.804656
-10.05,6,4.809197
-10.02,3,4.818678
-10.02,3,4.820678
-10.02,3,4.82368
-10.03,4,4.826678
-10.02,3,4.829192
-10.42,43,4.859728
-10.29,30,4.880297
-10.03,4,4.883333
-10.03,4,4.886336
-10.04,5,4.890332
-10.16,17,4.910449
-10.03,4,4.916027
-10.35,36,4.960884
-10.02,3,4.965919
-10.04,5,4.973434
-10.03,4,4.979457
-10.06,7,4.992482
-10.04,5,4.99949
-10.03,4,5.005001
-10.04,5,5.015389
-10.02,3,5.020388
499.86,15,5.040238
-10.07,8,5.051316
-10.07,8,5.062867
-10.02,3,5.067212
-10.03,4,5.074213
-10.18,19,5.099521
-10.02,3,5.104521
-10.09,10,5.120554
-10.02,3,5.124551
-10.05,6,5.133065
-10.07,8,5.143578
-10.02,3,5.1536
-10.04,5,5.160113
-10.02,3,5.164113
-10.1,11,5.17825
-10.05,6,5.184762
-10.02,3,5.187763
-10.02,3,5.191276
-10.02,3,5.195275
-10.02,3,5.198276
-10.02,3,5.201789
-10.02,3,5.20479
-10.02,3,5.208788
-10.15,16,5.22381
-10.04,5,5.232333
-10.02,3,5.236333
-10.04,5,5.24285
-10.02,3,5.254873
-10.04,5,5.258874
-10.03,4,5.261874
-10.41,42,5.29101
-10.02,3,5.293544
-10.06,7,5.298582
-10.02,3,5.300579
-10.48,49,5.334783
-10.25,26,5.355345
-10.03,4,5.359346
-10.02,3,5.362347
-10.02,3,5.364374
-10.02,3,5.367847
-10.12,13,5.37745
-10.06,7,5.38242
-10.03,4,5.38602
-10.47,48,5.424524
-10.02,3,5.42703
-11.07,108,5.517455
-10.04,5,5.521973
-10.04,5,5.525968
-10.02,3,5.528968
-10.04,5,5.53348
-10.03,4,5.53648
-10.02,3,5.53948
-10.02,3,5.541991
-10.02,3,5.54499
-10.02,3,5.546991
-10.02,3,5.54999
-10.03,4,5.5535
-10.05,6,5.5605
-10.06,7,5.567013
-10.02,3,5.590314
-10.04,5,5.595866
-10.02,3,5.598871
-10.02,3,5.601867
-10.05,6,5.606379
-10.04,5,5.610378
-10.02,3,5.61238
-10.02,3,5.615892
-10.02,3,5.617891
-10.02,3,5.620892
-11.91,192,5.756155
-10.04,5,5.760661
-10.03,4,5.763666
-10.89,90,5.837269
-10.07,8,5.848786
499.92,9,5.860811
-10.02,3,5.871324
-10.08,9,5.881839
-10.09,10,5.899861
-10.05,6,5.908373
-10.03,4,5.913374
-10.05,6,5.921885
-10.03,4,5.92841
-10.05,6,5.93641
-10.02,3,5.940928
-10.06,7,5.949437
-10.02,3,5.953952
-10.06,7,5.96246
-10.02,3,5.96646
-10.03,4,5.97198
-10.05,6,5.979019
-10.02,3,5.983195
-10.05,6,5.997678
-10.02,3,6.000958
-10.02,3,6.003959
-10.04,5,6.009959
-10.04,5,6.015043
-10.03,4,6.019043
-10.02,3,6.022557
-10.02,3,6.025557
-10.04,5,6.031064
-10.02,3,6.034103
-10.04,5,6.039104
-10.02,3,6.04265
-10.02,3,6.046617
-10.02,3,6.049617
-10.02,3,6.053657
-10.02,3,6.05666
-10.61,62,6.12317
-10.02,3,6.127177
-10.02,3,6.130176
-10.04,5,6.13469
-10.03,4,6.13869
-10.02,3,6.142721
-10.02,3,6.145292
-10.06,7,6.152297
-10.06,7,6.159938
-10.04,5,6.164478
-10.02,3,6.168614
-10.04,5,6.172658
-10.02,3,6.177172
-10.04,5,6.18221
-10.03,4,6.186686
-10.02,3,6.189686
-10.06,7,6.202197
-10.03,4,6.20671
-10.03,4,6.211708
-10.02,3,6.218229
-10.04,5,6.223226
-10.02,3,6.226734
-10.02,3,6.229739
-10.02,3,6.23374
-10.03,4,6.238251
-10.02,3,6.241251
-10.03,4,6.24425
-10.95,96,6.321631
-10.03,4,6.328631
-10.4,41,6.366929
-10.04,5,6.372443
-10.04,5,6.377441
-10.04,5,6.388953
-10.04,5,6.393464
-10.02,3,6.397464
-10.08,9,6.407
-10.03,4,6.411
-10.02,3,6.414514
-10.02,3,6.418511
-10.03,4,6.422512
499.88,13,6.437544
-10.04,5,6.442549
-10.03,4,6.447052
-10.03,4,6.451052
-10.04,5,6.457114
-10.04,5,6.462079
-10.02,3,6.466616
-10.03,4,6.472623
-10.02,3,6.483127
-10.04,5,6.486631
-10.03,4,6.490638
-10.03,4,6.495635
-10.03,4,6.500149
-10.02,3,6.503149
-10.13,14,6.516664
-10.02,3,6.521175
-10.02,3,6.525177
-10.03,4,6.529685
-10.03,4,6.534693
-10.02,3,6.537686
-10.04,5,6.546198
-10.04,5,6.551719
-10.06,7,6.559737
-10.03,4,6.563742
-10.02,3,6.574255
-10.03,4,6.578255
-10.02,3,6.58177
-10.06,7,6.588768
-10.04,5,6.594283
-10.03,4,6.598284
-10.05,6,6.604794
-10.02,3,6.608796
-10.02,3,6.610795
-10.04,5,6.618309
-10.07,8,6.625822
-10.02,3,6.629823
-10.03,4,6.634333
-10.02,3,6.637335
-10.04,5,6.646848
-10.04,5,6.663371
-10.03,4,6.676399
-10.04,5,6.684399
-10.02,3,6.68791
499.93,8,6.694908
-10.02,3,6.697416
-10.03,4,6.701417
-10.05,6,6.707931
-10.03,4,6.710928
-10.02,3,6.71393
-10.02,3,6.717434
-10.03,4,6.72144
-10.02,3,6.724441
-10.02,3,6.727943
-10.05,6,6.731949
-10.04,5,6.736947
-10.02,3,6.739455
-10.02,3,6.748964
-10.04,5,6.75297
-10.02,3,6.757022
-10.04,5,6.763115
-10.03,4,6.767115
-10.02,3,6.769621
-10.05,6,6.774625
-10.07,8,6.780685
-10.02,3,6.783684
-10.04,5,6.787685
-10.02,3,6.7912
499.89,12,6.8002
499.83,18,6.813066
-10.02,3,6.816067
-10.04,5,6.820067
-10.03,4,6.823582
-10.04,5,6.833622
-10.04,5,6.837622
-10.02,3,6.841623
-10.03,4,6.847142
-10.02,3,6.851642
-10.03,4,6.855161
-10.03,4,6.859161
-10.02,3,6.862677
-10.07,8,6.868676
-10.04,5,6.876194
-10.04,5,6.880195
-10.03,4,6.883725
-10.04,5,6.88875
-10.02,3,6.89175
-10.04,5,6.895296
-10.02,3,6.899293
-10.05,6,6.910807
-10.04,5,6.91432
-10.02,3,6.917321
-10.02,3,6.920321
-10.02,3,6.922322
-10.06,7,6.927836
-10.02,3,6.930835
-10.03,4,6.934396
-10.02,3,6.937347
-10.03,4,6.940347
-10.02,3,6.943348
-10.02,3,6.945867
-10.03,4,6.94886
-10.05,6,6.953588
-10.02,3,6.957099
499.91,10,6.964098
-10.06,7,6.976112
-10.02,3,6.978118
-10.02,3,6.98412
-10.04,5,6.98763
-10.04,5,6.991629
-10.02,3,6.99463
-10.02,3,6.99723
-10.02,3,7.001172
-10.03,4,7.006173
-10.04,5,7.012684
-10.02,3,7.016682
-10.02,3,7.020193
-10.02,3,7.024194
-10.02,3,7.028801
-10.03,4,7.031704
-10.02,3,7.034703
-10.03,4,7.045218
-10.02,3,7.048218
-10.05,6,7.054243
-10.02,3,7.058241
-10.05,6,7.065751
-10.04,5,7.072265
-10.04,5,7.078265
-10.02,3,7.08178
-10.02,3,7.085777
-10.02,3,7.088778
-10.02,3,7.095292
-10.04,5,7.100291
-10.04,5,7.104809
-10.03,4,7.109806
-10.05,6,7.116319
-10.04,5,7.121319
-10.02,3,7.129833
-10.02,3,7.133339
-10.04,5,7.139346
-10.02,3,7.143852
-10.08,9,7.154886
-10.03,4,7.159895
-10.04,5,7.165398
-10.04,5,7.170404
-10.05,6,7.177915
-10.05,6,7.183918
-10.02,3,7.187431
-10.02,3,7.189432
-10.04,5,7.193431
-10.02,3,7.195936
-10.02,3,7.198944
-10.04,5,7.204941
-10.02,3,7.213451
-10.04,5,7.217961
-10.02,3,7.219959
-10.04,5,7.223959
499.81,20,7.237982
-10.02,3,7.239988
499.92,9,7.246988
-10.04,5,7.250499
-10.05,6,7.25501
-10.05,6,7.259011
-10.02,3,7.262417
-10.02,3,7.265417
-10.02,3,7.267417
-10.02,3,7.269923
-10.11,12,7.278932
-10.06,7,7.284101
-10.04,5,7.293611
-10.02,3,7.296613
-10.02,3,7.298613
-10.02,3,7.301119
-10.02,3,7.304123
-10.02,3,7.306124
-10.09,10,7.316636
-10.03,4,7.319634
-10.03,4,7.323144
-10.04,5,7.326145
499.9,11,7.334656
-10.04,5,7.338656
-10.05,6,7.343168
-10.02,3,7.345167
-10.02,3,7.348168
-10.03,4,7.351167
499.92,9,7.363696
-10.03,4,7.3677
-10.04,5,7.371701
-10.03,4,7.374769
-10.02,3,7.376768
-10.03,4,7.380769
-10.02,3,7.382767
-10.04,5,7.387282
-10.03,4,7.390282
-10.03,4,7.393794
-10.02,3,7.3958
-10.04,5,7.399799
-10.02,3,7.4028
-10.02,3,7.405312
-10.02,3,7.409311
-10.02,3,7.413311
-10.02,3,7.426346
-10.03,4,7.430341
-10.02,3,7.433342
-10.04,5,7.438855
-10.05,6,7.444855
-10.03,4,7.450367
-10.04,5,7.454878
-10.03,4,7.459392
-10.08,9,7.467897
-10.02,3,7.471903
-10.03,4,7.475904
-10.03,4,7.480416
-10.02,3,7.483417
-10.02,3,7.487418
-10.02,3,7.489929
-10.03,4,7.494929
-10.05,6,7.505444
-10.02,3,7.509444
-10.03,4,7.513956
-10.05,6,7.520464
-10.02,3,7.523472
-10.02,3,7.52647
-10.02,3,7.529471
-10.03,4,7.537021
-10.03,4,7.541019
-10.02,3,7.543599
-10.02,3,7.546623
-10.04,5,7.552178
-10.1,11,7.562334
-10.03,4,7.566335
-10.02,3,7.569335
-10.02,3,7.572909
-10.03,4,7.583395
-10.03,4,7.586424
-10.02,3,7.589422
-10.02,3,7.592426
-10.02,3,7.597805
-10.02,3,7.601804
-10.04,5,7.60838
-10.04,5,7.613955
-10.04,5,7.618921
-10.04,5,7.623429
-10.03,4,7.628466
-10.05,6,7.634467
-10.03,4,7.641477
-10.02,3,7.645475
-10.02,3,7.647475
-10.04,5,7.652996
-10.02,3,7.663042
-10.02,3,7.666043
-10.02,3,7.669042
-10.02,3,7.672123
-10.05,6,7.678123
-10.02,3,7.681638
-10.02,3,7.684671
-10.04,5,7.690206
-10.03,4,7.694242
-10.02,3,7.697244
-10.02,3,7.700805
-10.06,7,7.707844
-10.04,5,7.712432
-10.06,7,7.719425
-10.04,5,7.724967
-10.02,3,7.728003
-10.05,6,7.738512
-10.04,5,7.744034
-10.02,3,7.747035
-10.02,3,7.752549
-10.03,4,7.757094
-10.02,3,7.760095
-10.04,5,7.765665
-10.03,4,7.769668
-10.07,8,7.777237
-10.04,5,7.782816
-10.04,5,7.787822
-10.02,3,7.790818
-10.03,4,7.795361
-10.02,3,7.798357
-10.53,54,7.862065
-10.03,4,7.864573
-10.03,4,7.876097
-10.06,7,7.883098
-10.02,3,7.90563
-10.07,8,7.917148
-10.02,3,7.921148
-10.02,3,7.924195
-10.05,6,7.930367
-10.02,3,7.933371
-10.03,4,7.936903
-10.02,3,7.939908
-10.04,5,7.943939
-10.04,5,7.948481
-10.04,5,7.952482
-10.02,3,7.955028
-10.03,4,7.95857
-10.04,5,7.962569
-10.07,8,7.977589
-10.02,3,7.980594
-10.02,3,7.983596
-10.02,3,7.986593
-10.02,3,7.989103
-10.04,5,7.993103
-10.04,5,7.997104
-10.02,3,8.000686
-10.04,5,8.004682
-10.03,4,8.007682
-10.03,4,8.011253
-10.02,3,8.014254
-10.02,3,8.017257
-10.03,4,8.020835
-10.02,3,8.023836
-10.02,3,8.025836
-10.05,6,8.037348
-10.02,3,8.039855
-10.02,3,8.042897
-10.02,3,8.045895
-10.03,4,8.048895
-10.02,3,8.052444
-10.11,12,8.061137
-10.02,3,8.064166
-10.02,3,8.067167
-10.02,3,8.070166
-10.02,3,8.072737
-10.02,3,8.074745
-10.02,3,8.080282
-10.02,3,8.083325
-10.04,5,8.087322
-10.05,6,8.092908
-10.04,5,8.103413
-10.02,3,8.106425
-10.02,3,8.109414
-10.02,3,8.111928
-10.02,3,8.114927
-10.02,3,8.117958
-10.03,4,8.121517
-10.04,5,8.12556
-10.02,3,8.128558
-10.02,3,8.131093
-10.02,3,8.134104
-10.02,3,8.138133
-10.03,4,8.14164
-10.05,6,8.146676
-10.03,4,8.150678
-10.07,8,8.157805
-10.02,3,8.166915
-10.06,7,8.175427
-10.04,5,8.182942
-10.04,5,8.19094
-10.02,3,8.193454
-10.08,9,8.203968
-10.05,6,8.210966
-10.02,3,8.215478
-10.02,3,8.219477
-10.04,5,8.224992
-10.03,4,8.22999
-10.04,5,8.236608
-10.02,3,8.240603
-10.04,5,8.247154
-10.02,3,8.251151
499.64,37,8.292412
-10.02,3,8.304952
-10.03,4,8.309951
-10.02,3,8.315187
-10.04,5,8.321703
-10.06,7,8.330704
-10.04,5,8.337219
-10.02,3,8.340724
-10.09,10,8.352241
-10.06,7,8.359753
-10.1,11,8.37284
-10.03,4,8.377809
-10.03,4,8.383323
-10.04,5,8.389325
-10.02,3,8.393902
-10.03,4,8.398903
-10.02,3,8.402904
-10.04,5,8.41496
-10.05,6,8.419961
-10.04,5,8.427474
-10.04,5,8.432475
-10.02,3,8.436987
-10.02,3,8.441017
-10.02,3,8.445561
499.93,8,8.454674
-10.05,6,8.461711
-10.02,3,8.465286
-10.04,5,8.471286
-10.03,4,8.47683
-10.03,4,8.481838
-10.03,4,8.486389
-10.09,10,8.499448
-10.02,3,8.503358
-10.06,7,8.518867
499.78,23,8.536889
-10.02,3,8.538889
-10.02,3,8.5424
-10.02,3,8.544402
-10.03,4,8.548429
-10.02,3,8.55143
-10.04,5,8.555528
-10.03,4,8.55954
-10.04,5,8.56312
-10.02,3,8.566118
-10.02,3,8.56909
-10.12,13,8.578696
-10.02,3,8.582169
-10.02,3,8.585217
-10.07,8,8.591204
-10.04,5,8.602256
-10.02,3,8.60426
-10.02,3,8.607262
-10.02,3,8.610262
-10.02,3,8.612767
-10.02,3,8.615772
-10.05,6,8.620772
-10.04,5,8.625281
-10.02,3,8.631283
-10.02,3,8.635794
-10.15,16,8.652407
-10.02,3,8.657545
-10.02,3,8.66155
-10.02,3,8.665055
-10.02,3,8.669055
-10.04,5,8.673055
-10.04,5,8.683565
-10.03,4,8.688075
-10.02,3,8.691074
-10.03,4,8.694075
-10.03,4,8.697586
-10.02,3,8.700586
-10.03,4,8.703588
-10.02,3,8.706091
-10.05,6,8.711097
-10.02,3,8.714128
-10.04,5,8.718672
-10.04,5,8.722702
-10.02,3,8.724703
-10.02,3,8.728273
-10.02,3,8.731278
-10.02,3,8.736277
-10.03,4,8.745519
-10.02,3,8.749034
-10.03,4,8.753033
-10.11,12,8.762056
-10.03,4,8.765058
-10.02,3,8.767567
-10.02,3,8.770568
-10.04,5,8.774604
-10.02,3,8.777135
-10.04,5,8.782173
-10.02,3,8.78514
-10.13,14,8.796681
-10.02,3,8.799844
-10.06,7,8.804846
-10.02,3,8.807356
-10.02,3,8.810393
-10.02,3,8.820876
-10.02,3,8.823878
-10.02,3,8.825877
-10.02,3,8.829389
-10.02,3,8.832387
-10.04,5,8.836388
-10.02,3,8.838903
-10.02,3,8.841938
-10.03,4,8.84793
-10.02,3,8.851011
-10.02,3,8.853014
-10.04,5,8.856556
-10.03,4,8.861131
-10.04,5,8.86513
-10.02,3,8.867101
-10.02,3,8.87065
-10.02,3,8.880125
-10.03,4,8.883124
-10.02,3,8.886126
-10.02,3,8.888126
-10.05,6,8.894637
-10.04,5,8.898638
-10.35,36,8.925264
-10.04,5,8.929263
-10.02,3,8.931839
-10.03,4,8.935839
-10.02,3,8.938839
-10.02,3,8.941343
-10.03,4,8.94538
-10.02,3,8.947379
-10.05,6,8.952922
-10.05,6,8.960499
-10.04,5,8.971043
-10.02,3,8.974556
-10.02,3,8.979555
-10.04,5,8.989528
-10.05,6,9.002035
-10.02,3,9.008546
-10.02,3,9.01254
-10.02,3,9.016069
-10.02,3,9.019035
-10.02,3,9.022036
-10.03,4,9.026546
-10.03,4,9.032546
-10.04,5,9.038056
-10.03,4,9.043055
-10.03,4,9.048563
-10.02,3,9.052562
-10.06,7,9.069196
-10.04,5,9.075196
-10.03,4,9.081707
-10.06,7,9.090211
-10.02,3,9.094213
-10.04,5,9.098724
-10.02,3,9.103724
-10.02,3,9.108227
-10.03,4,9.114231
-10.02,3,9.117232
-10.04,5,9.124741
-10.02,3,9.129244
-10.03,4,9.135248
-10.05,6,9.143758
-10.06,7,9.152269
-10.02,3,9.15483
-10.02,3,9.164348
-10.02,3,9.167348
-10.04,5,9.170852
-10.02,3,9.176858
-10.02,3,9.179857
-10.02,3,9.18237
-10.05,6,9.187369
-10.02,3,9.190369
-10.04,5,9.193882
-10.02,3,9.196881
499.89,12,9.209423
-10.02,3,9.213933
-10.02,3,9.219933
-10.03,4,9.225444
-10.02,3,9.230448
-10.04,5,9.237599
-10.02,3,9.248073
-10.02,3,9.25107
-10.02,3,9.254575
499.9,11,9.269166
-10.04,5,9.27574
-10.04,5,9.285284
-10.06,7,9.295873
-10.03,4,9.301911
-10.02,3,9.30648
-10.02,3,9.311508
-10.02,3,9.317081
-10.02,3,9.321086
-10.03,4,9.326663
-10.02,3,9.33163
-10.04,5,9.338251
-10.02,3,9.343321
-10.02,3,9.354269
-10.02,3,9.357291
-10.2,21,9.384312
-10.02,3,9.387819
-10.05,6,9.397856
-10.02,3,9.402083
-10.03,4,9.40808
-10.02,3,9.412146
-10.02,3,9.416147
-10.02,3,9.41972
-10.02,3,9.42472
-10.02,3,9.429302
-10.02,3,9.434298
-10.02,3,9.438843
-10.02,3,9.444923
-10.04,5,9.451926
-10.02,3,9.462968
-10.05,6,9.468976
-10.02,3,9.471976
-10.02,3,9.476489
-10.04,5,9.482487
-10.04,5,9.487999
-10.06,7,9.496507
-10.02,3,9.502507
-10.02,3,9.50702
-10.06,7,9.515524
-10.06,7,9.523532
-10.02,3,9.528039
-10.02,3,9.532042
-10.04,5,9.537552
-10.04,5,9.544551
-10.04,5,9.551062
-10.02,3,9.559716
-10.02,3,9.563716
-10.02,3,9.567749
-10.02,3,9.571754
-10.04,5,9.578361
-10.03,4,9.582309
-10.02,3,9.585309
-10.02,3,9.587316
-10.06,7,9.592896
-10.07,8,9.600463
-10.03,4,9.603462
-10.02,3,9.606433
-10.02,3,9.608968
-10.02,3,9.614002
-10.04,5,9.619003
-10.07,8,9.625575
-10.05,6,9.63609
-10.02,3,9.639595
-10.02,3,9.642602
-10.04,5,9.646601
-10.03,4,9.650108
-10.04,5,9.654145
-10.03,4,9.658723
-10.06,7,9.664296
-10.02,3,9.666296
-10.02,3,9.6693
-10.02,3,9.671868
-10.02,3,9.67687
-10.02,3,9.681409
-10.04,5,9.688437
-10.02,3,9.693016
-10.02,3,9.697998
-10.07,8,9.713084
-10.02,3,9.716085
-10.02,3,9.721591
-10.03,4,9.725597
-10.03,4,9.728596
-10.02,3,9.732101
-10.03,4,9.736109
-10.02,3,9.739107
-10.02,3,9.741107
-10.04,5,9.745621
-10.02,3,9.748623
-10.02,3,9.750622
-10.05,6,9.755639
-10.04,5,9.759645
-10.09,10,9.768191
-10.02,3,9.771192
-10.02,3,9.779731
-10.03,4,9.782733
-10.04,5,9.787242
-10.04,5,9.792242
-10.04,5,9.795759
-10.02,3,9.798792
-10.02,3,9.801787
-10.02,3,9.803787
-10.02,3,9.80736
-10.02,3,9.809359
-10.02,3,9.812371
-10.04,5,9.816903
-10.04,5,9.820902
-10.03,4,9.8239
-10.02,3,9.827481
-10.02,3,9.833451
-10.04,5,9.842962
-10.02,3,9.846474
-10.02,3,9.849473
-10.02,3,9.851473
-10.02,3,9.854473
-10.02,3,9.856983
-10.02,3,9.859983
-10.02,3,9.862982
-10.03,4,9.866489
-10.03,4,9.869496
499.86,15,9.881746
-10.02,3,9.884746
-10.02,3,9.887282
-10.04,5,9.891321
-10.2,21,9.907425
-10.02,3,9.91046
-10.04,5,9.92094
-10.04,5,9.924941
-10.02,3,9.928452
-10.02,3,9.931452
-10.02,3,9.934452
-10.16,17,9.956673
499.92,9,9.970754
-10.04,5,9.977265
-10.02,3,9.982776
-10.02,3,9.987779
-10.04,5,9.994292
-10.03,4,9.999871
-10.02,3,10.00491
-10.02,3,10.009449
-10.02,3,10.014486
-10.13,14,10.032678
-10.05,6,10.046147
-10.02,3,10.049148
-10.12,13,10.068779
-10.04,5,10.076362
-10.02,3,10.080903
-10.02,3,10.084942
-10.04,5,10.092512
-10.03,4,10.099483
-10.02,3,10.105028
-10.04,5,10.112543
-10.02,3,10.117542
-10.07,8,10.128126
-10.02,3,10.132664
-10.03,4,10.138705
-10.04,5,10.145252
-10.04,5,10.151286
-10.02,3,10.162322
-10.03,4,10.166636
-10.02,3,10.171635
-10.02,3,10.178154
-10.02,3,10.183156
-10.02,3,10.187669
-10.03,4,10.195184
-10.05,6,10.22684
-10.02,3,10.23184
-10.02,3,10.24139
-10.03,4,10.260387
-10.02,3,10.265419
-10.03,4,10.286127
-10.03,4,10.318034
-10.08,9,10.330542
-10.02,3,10.334572
-10.02,3,10.344113
-10.02,3,10.346114
-10.02,3,10.349624
-10.03,4,10.352624
-10.03,4,10.356132
-10.02,3,10.358741
-10.03,4,10.362741
-10.02,3,10.365742
-10.03,4,10.368276
-10.04,5,10.373311
-10.05,6,10.377913
-10.02,3,10.380892
-10.02,3,10.383893
-10.06,7,10.389475
-10.04,5,10.393475
-10.02,3,10.396473
-10.04,5,10.406955
-10.04,5,10.413465
-10.04,5,10.417465
-10.05,6,10.421978
-10.02,3,10.425977
-10.02,3,10.428977
-10.03,4,10.432503
-10.02,3,10.435498
-10.04,5,10.439498
-10.04,5,10.444011
-10.02,3,10.447028
-10.06,7,10.452522
-10.02,3,10.454523
-10.02,3,10.458066
-10.03,4,10.461605
-10.02,3,10.46466
-10.02,3,10.474154
-10.08,9,10.480187
-10.02,3,10.483765
-10.04,5,10.487732
-10.04,5,10.492272
-10.05,6,10.496311
-10.02,3,10.499311
-10.06,7,10.504899
-10.02,3,10.507898
-10.02,3,10.509897
-10.04,5,10.514446
-10.04,5,10.518479
-10.03,4,10.521479
-10.02,3,10.52505
-10.03,4,10.52805
-10.03,4,10.53105
-10.02,3,10.541598
-10.08,9,10.550107
-10.02,3,10.552109
-10.02,3,10.554619
-10.03,4,10.559132
-10.03,4,10.562133
-10.05,6,10.567647
-10.06,7,10.572676
-10.05,6,10.578259
-10.02,3,10.580252
-10.02,3,10.583787
-10.03,4,10.586827
-10.03,4,10.590823
-10.02,3,10.592831
-10.02,3,10.595398
-10.02,3,10.598396
-10.02,3,10.607907
-10.04,5,10.611906
-10.02,3,10.614413
-10.04,5,10.618418
-10.02,3,10.621419
-10.03,4,10.624925
-10.02,3,10.627931
-10.04,5,10.632931
-10.04,5,10.636441
-10.02,3,10.639441
-10.06,7,10.644442
-10.02,3,10.647988
-10.02,3,10.651016
-10.02,3,10.653015
-10.02,3,10.656014
-10.03,4,10.659244
-10.02,3,10.670322
-10.06,7,10.676323
-10.03,4,10.679468
-10.03,4,10.683467
-10.04,5,10.68798
-10.03,4,10.690979
-10.03,4,10.693979
-10.02,3,10.69698
-10.03,4,10.700173
-10.03,4,10.704176
-10.03,4,10.707206
-10.03,4,10.711458
-10.02,3,10.713453
-10.02,3,10.716453
-10.02,3,10.719027
499.82,19,10.733599
-10.05,6,10.74414
-10.03,4,10.747645
-10.02,3,10.750649
-10.02,3,10.75365
-10.02,3,10.756158
-10.06,7,10.761678
-10.02,3,10.764679
-10.02,3,10.767708
-10.02,3,10.770281
-10.02,3,10.773282
-10.02,3,10.776251
-10.02,3,10.778826
-10.07,8,10.788441
-10.02,3,10.791368
-10.05,6,10.795364
-10.03,4,10.799946
-10.05,6,10.810414
-10.05,6,10.815416
-10.02,3,10.81892
-10.02,3,10.820925
-10.02,3,10.823927
-10.06,7,10.829432
-10.04,5,10.833468
-10.03,4,10.837469
-10.02,3,10.839466
-10.04,5,10.844596
-10.02,3,10.847595
-10.06,7,10.85369
-10.03,4,10.857204
-10.02,3,10.859708
-10.02,3,10.862713
-10.03,4,10.865713
-10.06,7,10.877228
-10.02,3,10.880773
-10.03,4,10.883809
-10.03,4,10.887809
499.93,8,10.895292
-10.02,3,10.897292
-10.05,6,10.902804
-10.02,3,10.905803
-10.04,5,10.912345
-10.02,3,10.915381
-10.04,5,10.919381
-10.02,3,10.921917
-10.04,5,10.925953
-10.02,3,10.928954
-10.02,3,10.930923
-10.05,6,10.936465
-10.02,3,10.945948
-10.03,4,10.950948
-10.03,4,10.956459
-10.02,3,10.961528
-10.02,3,10.966043
-10.04,5,10.973044
-10.04,5,10.980653
-10.04,5,10.987236
-10.02,3,10.992237
-10.04,5,10.999835
-10.03,4,11.00541
-10.03,4,11.010409
-10.04,5,11.015871
-10.02,3,11.020868
499.89,12,11.038316
-10.02,3,11.043319
-10.04,5,11.053862
-10.02,3,11.058884
-10.02,3,11.062885
-10.02,3,11.067398
-10.04,5,11.074396
-10.02,3,11.078907
-10.02,3,11.083906
-10.02,3,11.088418
-10.02,3,11.092453
-10.03,4,11.099056
-10.03,4,11.105009
-10.05,6,11.113559
-10.03,4,11.120098
-10.02,3,11.125096
-10.06,7,11.136239
-10.02,3,11.140751
-10.02,3,11.149834
-10.03,4,11.153834
-10.02,3,11.157854
-10.02,3,11.16486
-10.06,7,11.174368
499.78,23,11.204998
-10.03,4,11.211594
-10.03,4,11.21658
-10.04,5,11.224162
-10.03,4,11.229703
-10.02,3,11.234743
-10.02,3,11.239713
-10.02,3,11.245256
-10.04,5,11.252739
-10.03,4,11.256245
-10.04,5,11.260251
-10.02,3,11.268763
-10.02,3,11.272272
-10.02,3,11.274272
-10.03,4,11.278272
-10.02,3,11.280272
-10.03,4,11.283782
-10.03,4,11.289782
-10.03,4,11.293292
-10.02,3,11.295292
-10.04,5,11.299324
-10.03,4,11.303485
-10.02,3,11.306457
-10.03,4,11.309484
-10.02,3,11.312484
-10.02,3,11.315059
499.86,15,11.32666
-10.06,7,11.339136
-10.05,6,11.343642
-10.54,55,11.461576
-10.02,3,11.475157
-10.02,3,11.490282
-10.04,5,11.498753
-10.04,5,11.509272
-10.03,4,11.514281
-10.03,4,11.519309
-10.04,5,11.526881
-10.02,3,11.531422
-10.04,5,11.538452
-10.02,3,11.542029
-10.02,3,11.546
-10.03,4,11.550573
-10.03,4,11.556137
-10.02,3,11.565722
-10.02,3,11.570229
-10.03,4,11.575234
-10.02,3,11.579234
-10.04,5,11.587781
-10.02,3,11.592328
-10.04,5,11.600323
-10.02,3,11.605875
-10.03,4,11.612494
-10.04,5,11.621472
-10.09,10,11.633588
-10.03,4,11.638594
-10.03,4,11.643164
-10.02,3,11.647159
-10.02,3,11.651163
-10.02,3,11.654747
-10.03,4,11.668316
-10.02,3,11.672317
-10.08,9,11.683446
-10.02,3,11.686444
-10.04,5,11.692981
-10.04,5,11.699988
-10.02,3,11.70349
-10.06,7,11.711495
-10.03,4,11.717007
-10.02,3,11.720008
-10.02,3,11.724543
-10.02,3,11.727579
-10.02,3,11.731549
-10.04,5,11.737167
-10.04,5,11.74674
-10.03,4,11.75274
499.87,14,11.773804
-10.03,4,11.779315
-10.05,6,11.788828
-10.05,6,11.807348
-10.02,3,11.811348
-10.02,3,11.814866
-10.02,3,11.818865
-10.07,8,11.82738
-10.03,4,11.830415
-10.03,4,11.834953
-10.02,3,11.837953
-10.04,5,11.845466
-10.07,8,11.854972
-10.02,3,11.859515
-10.02,3,11.86705
-10.02,3,11.872029
-10.03,4,11.88605
-10.02,3,11.89005
-10.04,5,11.89857
-10.04,5,11.904567
-10.03,4,11.91114
-10.06,7,11.920711
-10.02,3,11.926245
-10.05,6,11.936818
-10.04,5,11.943853
499.93,8,11.954427
-10.02,3,11.959949
-10.02,3,11.964949
-10.04,5,11.971951
-10.02,3,11.975955
-10.03,4,11.980955
-10.02,3,11.986542
-10.02,3,11.999046
-10.02,3,12.002046
-10.03,4,12.007556
-10.04,5,12.015071
-10.02,3,12.020071
-10.02,3,12.024576
-10.02,3,12.028581
-10.02,3,12.033581
-10.02,3,12.038128
-10.04,5,12.045666
499.88,13,12.062762
-10.03,4,12.068343
-10.02,3,12.072344
-10.02,3,12.076927
-10.02,3,12.081927
-10.02,3,12.086433
-10.03,4,12.09795
-10.04,5,12.104949
-10.02,3,12.109461
-10.03,4,12.116463
-10.02,3,12.120003
-10.05,6,12.127005
-10.02,3,12.131517
-10.02,3,12.13555
-10.02,3,12.14106
-10.02,3,12.145094
-10.03,4,12.150645
-10.02,3,12.154643
499.81,20,12.182791
-10.03,4,12.187789
-10.02,3,12.192302
-10.02,3,12.197301
-10.02,3,12.206845
-10.03,4,12.210845
-10.02,3,12.213355
-10.02,3,12.218357
-10.02,3,12.222991
-10.03,4,12.228869
-10.02,3,12.233439
-10.02,3,12.237479
-10.02,3,12.244992
-10.03,4,12.251963
-10.04,5,12.259081
-10.03,4,12.264596
499.93,8,12.27518
-10.02,3,12.280185
-10.03,4,12.285791
-10.04,5,12.292794
-10.03,4,12.303343
-10.02,3,12.307855
-10.05,6,12.318372
-10.02,3,12.322409
-10.02,3,12.326913
-10.02,3,12.331949
-10.02,3,12.335948
-10.04,5,12.343525
-10.02,3,12.348078
-10.04,5,12.355109
-10.14,15,12.377355
-10.05,6,12.38636
-10.04,5,12.393871
-10.02,3,12.398379
-10.03,4,12.404384
-10.02,3,12.408889
-10.02,3,12.418108
-10.1,11,12.429621
-10.02,3,12.434132
-10.04,5,12.440697
-10.03,4,12.447663
-10.02,3,12.45218
-10.14,15,12.471716
-10.07,8,12.485218
-10.03,4,12.491221
-10.02,3,12.495799
-10.06,7,12.506329
-10.03,4,12.512837
-10.02,3,12.516837
-10.08,9,12.528451
-10.02,3,12.533034
-10.02,3,12.539
-10.04,5,12.573673
-10.04,5,12.577679
-10.02,3,12.583678
-10.02,3,12.587085
-10.02,3,12.591085
-10.02,3,12.596592
-10.05,6,12.611104
499.83,18,12.671237
-10.02,3,12.675236
-10.02,3,12.678808
-10.04,5,12.685778
-10.06,7,12.695288
-10.02,3,12.699799
-10.04,5,12.706802
-10.02,3,12.71131
-10.03,4,12.717347
-10.04,5,12.731412
-10.02,3,12.73441
-10.02,3,12.736409
-10.05,6,12.741919
-10.03,4,12.744918
-10.04,5,12.749427
-10.02,3,12.752432
-10.02,3,12.754462
-10.03,4,12.758039
-10.13,14,12.768611
-10.03,4,12.77219
-10.02,3,12.775183
-10.02,3,12.778184
-10.03,4,12.780755
-10.02,3,12.783724
-10.03,4,12.787755
-10.02,3,12.796265
-10.04,5,12.800842
-10.04,5,12.804883
-10.02,3,12.807851
-10.03,4,12.812368
-10.02,3,12.815367
-10.07,8,12.820869
-10.02,3,12.823874
-10.02,3,12.826874
-10.02,3,12.829876
-10.02,3,12.832386
-10.02,3,12.834386
-10.06,7,12.840417
-10.02,3,12.842986
-10.02,3,12.848957
-10.06,7,12.85456
-10.05,6,12.864612
-10.02,3,12.867611
-10.02,3,12.870611
-10.04,5,12.875119
-10.02,3,12.878121
-10.02,3,12.881122
-10.04,5,12.885638
-10.05,6,12.890642
-10.04,5,12.895153
-10.02,3,12.898154
-10.04,5,12.902152
-10.02,3,12.904661
-10.02,3,12.907696
-10.02,3,12.909695
-10.02,3,12.912694
-10.05,6,12.91724
-10.02,3,12.925747
-10.04,5,12.929747
-10.05,6,12.935266
-10.02,3,12.938265
-10.04,5,12.942266
-10.02,3,12.944769
-10.03,4,12.948774
-10.02,3,12.950773
-10.02,3,12.953774
-10.02,3,12.959482
-10.02,3,12.961481
-10.02,3,12.964482
-10.02,3,12.966992
-10.04,5,12.970993
-10.02,3,12.974028
-10.04,5,12.977604
-10.02,3,12.987077
-10.02,3,12.990079
-10.03,4,12.993079
-10.04,5,12.997591
-10.03,4,13.000593
-10.02,3,13.00559
-10.02,3,13.0101
-10.02,3,13.015103
-10.02,3,13.018609
-10.04,5,13.02661
-10.02,3,13.031612
-10.02,3,13.035612
-10.03,4,13.041639
-10.02,3,13.045211
-10.02,3,13.050182
-10.04,5,13.058218
-10.06,7,13.073759
-10.02,3,13.076271
-10.02,3,13.079272
-10.02,3,13.082274
-10.02,3,13.084274
-10.03,4,13.087855
-10.03,4,13.091849
-10.06,7,13.097935
-10.02,3,13.100934
-10.02,3,13.103931
-10.03,4,13.107155
-10.02,3,13.110184
-10.03,4,13.114156
-10.02,3,13.117671
-10.04,5,13.122667
-10.02,3,13.124667
-10.02,3,13.133743
-10.02,3,13.135744
-10.03,4,13.140256
-10.03,4,13.143256
-10.03,4,13.146255
-10.02,3,13.149799
-10.04,5,13.153798
-10.02,3,13.155767
-10.02,3,13.16088
-10.04,5,13.170434
-10.02,3,13.178927
-10.03,4,13.185932
-10.02,3,13.190442
-10.02,3,13.19444
-10.03,4,13.199946
-10.03,4,13.20495
-10.03,4,13.214464
-10.04,5,13.218462
-10.04,5,13.225971
-10.02,3,13.22997
-10.03,4,13.23548
-10.02,3,13.238482
-10.04,5,13.242996
-10.02,3,13.245995
-10.02,3,13.247996
-10.02,3,13.250995
-10.04,5,13.254504
-10.05,6,13.260014
-10.02,3,13.262013
-10.05,6,13.266524
-10.03,4,13.270523
-10.06,7,13.276095
-10.02,3,13.283592
-10.05,6,13.291596
-10.02,3,13.294099
-10.03,4,13.297102
-10.02,3,13.300103
-10.04,5,13.304612
-10.02,3,13.30762
-10.03,4,13.310616
-10.02,3,13.313616
-10.02,3,13.316126
-10.02,3,13.319128
-10.02,3,13.322126
-10.02,3,13.324131
-10.03,4,13.328642
-10.03,4,13.331643
-10.04,5,13.33722
-10.02,3,13.3463
-10.02,3,13.349433
-10.04,5,13.353432
-10.02,3,13.356432
-10.02,3,13.359485
-10.02,3,13.361485
-10.05,6,13.36699
-10.02,3,13.368994
-10.03,4,13.372996
-10.03,4,13.375994
-10.04,5,13.380507
-10.02,3,13.382506
-10.04,5,13.387008
-10.02,3,13.390016
-10.02,3,13.392014
-10.02,3,13.397518
-10.02,3,13.405823
-10.05,6,13.410394
-10.02,3,13.413363
-10.02,3,13.416364
-10.02,3,13.418876
-10.03,4,13.421875
-10.02,3,13.424876
-10.02,3,13.426877
-10.04,5,13.432386
-10.02,3,13.434391
-10.02,3,13.437388
-10.02,3,13.439898
-10.05,6,13.444898
-10.02,3,13.447921
-10.04,5,13.451429
-10.03,4,13.45543
-10.02,3,13.463737
-10.06,7,13.469736
-10.03,4,13.472909
-10.02,3,13.475906
-10.02,3,13.478907
-10.03,4,13.482418
-10.04,5,13.486419
-10.02,3,13.488421
-10.03,4,13.492933
-10.02,3,13.494932
-10.05,6,13.500438
-10.02,3,13.502443
-10.03,4,13.506446
-10.02,3,13.508444
-10.02,3,13.511952
-10.02,3,13.513952
-10.02,3,13.524462
-10.02,3,13.526462
-10.03,4,13.530462
-10.03,4,13.53397
-10.03,4,13.536972
-10.04,5,13.540973
-10.04,5,13.545483
-10.02,3,13.548483
-10.02,3,13.551484
-10.03,4,13.554995
-10.02,3,13.557503
499.76,25,13.575527
-10.02,3,13.578526
-10.04,5,13.582561
-10.03,4,13.58713
-10.03,4,13.59213
-10.08,9,13.606179
-10.02,3,13.608178
-10.02,3,13.611179
-10.03,4,13.617694
-10.04,5,13.625203
-10.02,3,13.630207
-10.04,5,13.634209
-10.02,3,13.637721
-10.04,5,13.641723
-10.03,4,13.644723
-10.03,4,13.648231
-10.02,3,13.65123
-10.03,4,13.654261
-10.02,3,13.656766
-10.02,3,13.659376
-10.02,3,13.662375
-10.02,3,13.671854
-10.02,3,13.674857
-10.02,3,13.677361
-10.06,7,13.682368
-10.04,5,13.686366
-10.04,5,13.690876
-10.02,3,13.693874
-10.04,5,13.698378
-10.03,4,13.701383
-10.02,3,13.703384
-10.03,4,13.70739
-10.04,5,13.715904
-10.06,7,13.730008
-10.03,4,13.740595
-10.02,3,13.744595
-10.03,4,13.748594
-10.02,3,13.758606
-10.02,3,13.763153
-10.04,5,13.768372
-10.03,4,13.774892
-10.05,6,13.7864
-10.02,3,13.7894
-10.02,3,13.792915
-10.02,3,13.798914
-10.02,3,13.803433
-10.03,4,13.810421
-10.03,4,13.814964
-10.02,3,13.81796
-10.05,6,13.825573
-10.04,5,13.833111
-10.03,4,13.838149
-10.02,3,13.843149
-10.02,3,13.856202
-10.04,5,13.86381
-10.02,3,13.867815
-10.03,4,13.870815
-10.02,3,13.874323
-10.02,3,13.87733
-10.02,3,13.882334
-10.02,3,13.886845
-10.02,3,13.891846
-10.02,3,13.895361
-10.02,3,13.899359
-10.02,3,13.902359
-10.03,4,13.90687
-10.05,6,13.913868
-10.03,4,13.919408
-10.02,3,13.922406
-10.04,5,13.933632
-10.04,5,13.93768
-10.03,4,13.940683
-10.02,3,13.94368
-10.04,5,13.947193
-10.02,3,13.950195
-10.02,3,13.953195
-10.03,4,13.961215
-10.02,3,13.966215
-10.02,3,13.97047
-10.03,4,13.976469
-10.03,4,13.98198
-10.04,5,13.987513
-10.02,3,13.990516
-10.03,4,13.993512
-10.02,3,13.997016
-10.02,3,14.004776
-10.04,5,14.009348
-10.02,3,14.011357
-10.04,5,14.016318
-10.05,6,14.020831
-10.05,6,14.02583
-10.02,3,14.028334
-10.03,4,14.03234
-10.03,4,14.035341
-10.03,4,14.038845
-10.02,3,14.04185
-10.03,4,14.04485
-10.04,5,14.049358
-10.05,6,14.054363
-10.02,3,14.056364
-10.04,5,14.060882
-10.02,3,14.071481
-10.02,3,14.073481
-10.02,3,14.07648
-10.05,6,14.081961
-10.02,3,14.084961
-10.02,3,14.086961
-10.03,4,14.089961
-10.02,3,14.093471
-10.03,4,14.097471
-10.02,3,14.100471
-10.04,5,14.104981
-10.03,4,14.107982
-10.04,5,14.112486
-10.04,5,14.117491
-10.02,3,14.119493
-10.02,3,14.121493
-10.02,3,14.130685
-10.06,7,14.137195
-10.02,3,14.139194
-10.02,3,14.142197
-10.04,5,14.145708
-10.04,5,14.150708
-10.02,3,14.152708
-10.06,7,14.158219
-10.03,4,14.162261
-10.02,3,14.164263
-10.02,3,14.167488
-10.03,4,14.170489
-10.05,6,14.175997
-10.04,5,14.179998
-10.03,4,14.183032
-10.02,3,14.185602
-10.04,5,14.197078
-10.02,3,14.200078
-10.04,5,14.204079
-10.02,3,14.207591
-10.07,8,14.213589
-10.04,5,14.218099
-10.07,8,14.224101
-10.03,4,14.227608
-10.05,6,14.232609
-10.04,5,14.237112
-10.02,3,14.239116
-10.03,4,14.242147
-10.02,3,14.245146
-10.04,5,14.249726
-10.02,3,14.251726
-10.02,3,14.254724
-10.05,6,14.264706
-10.02,3,14.269809
-10.02,3,14.27381
-10.03,4,14.278314
-10.02,3,14.282319
-10.03,4,14.287318
-10.02,3,14.290827
-10.05,6,14.296827
-10.05,6,14.302342
-10.03,4,14.306341
-10.02,3,14.308849
-10.02,3,14.313853
-10.02,3,14.316853
-10.02,3,14.319357
-10.03,4,14.322361
-10.02,3,14.325361
-10.02,3,14.332871
-10.02,3,14.335871
-10.02,3,14.338872
-10.02,3,14.34138
-10.03,4,14.34597
-10.02,3,14.350454
-10.02,3,14.353459
-10.02,3,14.357461
-10.02,3,14.36097
-10.02,3,14.364481
-10.02,3,14.36848
-10.1,11,14.379991
-10.02,3,14.384073
-10.04,5,14.389075
-10.05,6,14.39566
-10.03,4,14.399663
-10.04,5,14.410859
-10.02,3,14.413368
-10.02,3,14.415367
-10.02,3,14.418368
-10.02,3,14.423877
-10.02,3,14.426876
-10.03,4,14.429907
-10.02,3,14.432879
-10.02,3,14.435389
-10.02,3,14.438388
-10.02,3,14.441389
-10.03,4,14.444901
-10.03,4,14.447904
-10.02,3,14.450902
-10.02,3,14.452903
-10.03,4,14.457414
-10.02,3,14.465441
-10.03,4,14.469441
-10.02,3,14.47244
-10.02,3,14.474952
-10.02,3,14.477956
-10.02,3,14.479957
-10.02,3,14.482959
-10.03,4,14.486467
-10.03,4,14.490469
-10.04,5,14.494468
-10.02,3,14.496975
-10.04,5,14.501483
-10.02,3,14.503489
-10.03,4,14.507002
-10.05,6,14.511999
-10.02,3,14.515001
-10.02,3,14.522903
-10.02,3,14.525931
-10.03,4,14.528514
-10.06,7,14.53714
-10.02,3,14.540051
-10.04,5,14.545051
-10.05,6,14.550572
-10.03,4,14.553571
-10.05,6,14.55859
-10.03,4,14.562595
-10.02,3,14.564595
-10.03,4,14.568596
-10.03,4,14.572106
-10.02,3,14.575106
-10.04,5,14.579105
-10.02,3,14.581615
-10.03,4,14.591351
-10.04,5,14.595352
-10.02,3,14.597352
-10.05,6,14.602864
-10.03,4,14.605864
-10.04,5,14.612372
-10.02,3,14.615374
-10.04,5,14.620877
-10.02,3,14.624881
-10.03,4,14.62788
-10.05,6,14.632393
-10.02,3,14.635393
-10.02,3,14.640396
-10.02,3,14.642908
-10.02,3,14.645906
-10.02,3,14.648906
-10.02,3,14.656417
-10.02,3,14.65954
-10.02,3,14.662539
-10.02,3,14.664697
-10.02,3,14.667697
-10.02,3,14.671699
-10.02,3,14.675843
-10.03,4,14.68084
-10.03,4,14.685351
-10.02,3,14.68935
-10.02,3,14.69235
-10.02,3,14.69686
-10.02,3,14.69986
-10.03,4,14.704465
-10.02,3,14.708428
-10.04,5,14.714012
-10.02,3,14.723702
-10.02,3,14.726211
-10.02,3,14.72821
-10.02,3,14.732213
-10.03,4,14.736589
-10.02,3,14.74059
-10.02,3,14.74359
-10.02,3,14.749452
-10.03,4,14.753436
-10.04,5,14.756946
-10.04,5,14.761461
-10.05,6,14.76698
-10.06,7,14.77198
-10.02,3,14.77498
-10.04,5,14.779512
-10.02,3,14.782512
-10.02,3,14.791014
-10.02,3,14.794008
-10.08,9,14.80055
-10.02,3,14.803551
-10.03,4,14.807055
-10.02,3,14.81006
-10.02,3,14.81306
-10.02,3,14.816061
-10.02,3,14.818573
-10.04,5,14.822573
-10.02,3,14.825573
-10.02,3,14.829085
-10.06,7,14.835085
-10.02,3,14.837085
-10.04,5,14.841594
-10.02,3,14.843594
-10.02,3,14.852176
-10.04,5,14.85934
-10.02,3,14.862277
-10.04,5,14.866246
-10.07,8,14.872771
-10.02,3,14.875754
-10.02,3,14.877754
-10.02,3,14.880258
-10.04,5,14.884263
-10.02,3,14.887263
-10.02,3,14.890776
-10.02,3,14.893782
-10.06,7,14.898783
-10.02,3,14.902294
-10.03,4,14.905294
-10.05,6,14.915292
-10.06,7,14.936885
-10.02,3,14.943397
-10.02,3,14.946396
-10.05,6,14.953912
-10.02,3,14.956912
-10.02,3,14.962426
-10.02,3,14.96744
-10.03,4,14.975933
-10.04,5,14.985442
-10.02,3,14.988444
-10.02,3,14.991029
-10.03,4,14.996953
-10.03,4,15.003464
-10.04,5,15.010465
-10.03,4,15.014976
-10.03,4,15.022479
-10.02,3,15.03499
-10.02,3,15.04099
-10.03,4,15.048497
-10.02,3,15.052498
-10.06,7,15.061574
-10.03,4,15.065086
-10.02,3,15.069091
-10.02,3,15.072091
-10.02,3,15.076603
-10.04,5,15.081604
-10.02,3,15.083605
-10.05,6,15.088114
-10.02,3,15.091114
-10.02,3,15.094114
-10.04,5,15.097625
-10.04,5,15.102626
-10.02,3,15.110947
-10.06,7,15.11745
-10.02,3,15.120456
-10.02,3,15.122666
-10.02,3,15.125672
-10.04,5,15.130182
-10.02,3,15.132182
-10.02,3,15.135183
-10.02,3,15.137687
-10.02,3,15.140693
-10.04,5,15.144692
-10.03,4,15.148252
-10.04,5,15.152204
-10.02,3,15.155204
-10.05,6,15.160225
-10.02,3,15.162225
-10.08,9,15.175121
-10.02,3,15.178121
-10.02,3,15.180664
-10.03,4,15.183665
-10.02,3,15.19218
-10.02,3,15.197178
499.91,10,15.21081
-10.02,3,15.21585
-10.04,5,15.222429
-10.03,4,15.228431
-10.04,5,15.234005
-10.03,4,15.237006
-10.04,5,15.24054
-10.03,4,15.244576
-10.02,3,15.246576
-10.06,7,15.252151
-10.06,7,15.263817
-10.02,3,15.265784
-10.06,7,15.271291
-10.08,9,15.278296
-10.05,6,15.283807
-10.03,4,15.287807
-10.02,3,15.289806
-10.03,4,15.296316
-10.02,3,15.298316
-10.05,6,15.303823
-10.04,5,15.307824
-10.03,4,15.310823
-10.02,3,15.313388
-10.02,3,15.316424
-10.03,4,15.319423
-10.02,3,15.321423
-10.02,3,15.331965
-10.04,5,15.336512
-10.04,5,15.340482
-10.04,5,15.345055
-10.02,3,15.348029
-10.04,5,15.353024
-10.02,3,15.355535
-10.04,5,15.359534
-10.02,3,15.361914
-10.02,3,15.364914
-10.04,5,15.369197
-10.02,3,15.372198
-10.04,5,15.375703
-10.02,3,15.378707
-10.02,3,15.380708
-10.02,3,15.383707
-10.03,4,15.392781
-10.03,4,15.395781
-10.04,5,15.399291
-10.02,3,15.405798
-10.02,3,15.408803
-10.03,4,15.411802
-10.02,3,15.414805
-10.03,4,15.418318
-10.02,3,15.422315
-10.02,3,15.426818
-10.02,3,15.429822
-10.05,6,15.437326
-10.05,6,15.443331
-10.03,4,15.448848
-10.05,6,15.454879
-10.06,7,15.46201
-10.02,3,15.471574
-10.02,3,15.474575
-10.06,7,15.47965
-10.03,4,15.483649
-10.02,3,15.48665
-10.02,3,15.489152
-10.03,4,15.492156
-10.03,4,15.496157
-10.02,3,15.49867
-10.02,3,15.501675
-10.02,3,15.503675
-10.02,3,15.506676
-10.03,4,15.512184
-10.02,3,15.515185
-10.02,3,15.517183
-10.04,5,15.52169
-10.02,3,15.528689
-10.02,3,15.532197
-10.03,4,15.535196
-10.02,3,15.537196
-10.03,4,15.540755
-10.02,3,15.543705
-10.02,3,15.546706
-10.02,3,15.549705
-10.04,5,15.554214
-10.02,3,15.556214
-10.04,5,15.560728
-10.02,3,15.563079
-10.04,5,15.568079
-10.04,5,15.572078
-10.02,3,15.574164
-10.02,3,15.577165
-10.04,5,15.586164
-10.02,3,15.589165
-10.09,10,15.597164
-10.02,3,15.599677
-10.02,3,15.602676
-10.03,4,15.606676
-10.02,3,15.610185
-10.04,5,15.616184
-10.02,3,15.62169
-10.02,3,15.624692
-10.03,4,15.628691
-10.02,3,15.631205
-10.03,4,15.634202
-10.02,3,15.637201
-10.02,3,15.639201
-10.02,3,15.64271
-10.04,5,15.652225
-10.03,4,15.656225
-10.02,3,15.658225
-10.02,3,15.660735
-10.02,3,15.664243
-10.02,3,15.666247
-10.05,6,15.673757
-10.02,3,15.677753
-10.02,3,15.681758
-10.02,3,15.685874
-10.06,7,15.693379
-10.02,3,15.697383
-10.02,3,15.701384
-10.04,5,15.706928
-10.02,3,15.710923
-10.02,3,15.713923
-10.02,3,15.724297
-10.02,3,15.72672
-10.05,6,15.734721
-10.02,3,15.737811
-10.03,4,15.74081
-10.03,4,15.744811
-10.02,3,15.746887
-10.02,3,15.749885
-10.02,3,15.752884
-10.02,3,15.754884
-10.02,3,15.758278
-10.02,3,15.760786
-10.02,3,15.763787
-10.02,3,15.767302
-10.04,5,15.771301
-10.02,3,15.773301
-10.03,4,15.782825
-10.02,3,15.786328
-10.03,4,15.789332
-10.02,3,15.792336
-10.04,5,15.796838
-10.04,5,15.800842
-10.06,7,15.805843
-10.05,6,15.811353
-10.04,5,15.815355
-10.05,6,15.819866
-10.02,3,15.822867
-10.02,3,15.824866
-10.02,3,15.826865
-10.02,3,15.830372
-10.03,4,15.833372
-10.02,3,15.836372
-10.02,3,15.846431
-10.02,3,15.849432
-10.02,3,15.85149
-10.02,3,15.85449
-10.02,3,15.85749
-10.05,6,15.862
-10.04,5,15.866
-10.03,4,15.870001
-10.03,4,15.873158
-10.02,3,15.876155
-10.02,3,15.879155
-10.05,6,15.883669
-10.02,3,15.886666
-10.02,3,15.889668
-10.02,3,15.892179
-10.02,3,15.894178
-10.02,3,15.902688
-10.04,5,15.906689
-10.02,3,15.909687
-10.03,4,15.913194
-10.02,3,15.915195
-10.02,3,15.919195
-10.02,3,15.923711
-10.02,3,15.927707
-10.02,3,15.930705
-10.02,3,15.934216
-10.03,4,15.938214
-10.04,5,15.94272
-10.04,5,15.946726
-10.02,3,15.950727
-10.02,3,15.954232
-10.03,4,15.957264
-10.05,6,15.967315
-10.03,4,15.971315
-10.04,5,15.974823
-10.03,4,15.978824
-10.03,4,15.982825
-10.02,3,15.985336
-10.02,3,15.988335
-10.03,4,15.991335
-10.02,3,15.993336
-10.02,3,15.996845
-10.04,5,16.000844
-10.02,3,16.003844
-10.03,4,16.006875
-10.02,3,16.009875
-10.04,5,16.013877
-10.02,3,16.015876
-10.05,6,16.027386
-10.02,3,16.030386
-10.03,4,16.035902
-10.02,3,16.039903
-10.02,3,16.043414
-10.03,4,16.047412
-10.06,7,16.052977
-10.03,4,16.056012
-10.02,3,16.061531
-10.02,3,16.064077
-10.02,3,16.067076
-10.02,3,16.070042
-10.02,3,16.072073
-10.02,3,16.075618
-10.02,3,16.078648
-10.02,3,16.080648
-10.02,3,16.089162
-10.02,3,16.092164
-10.02,3,16.094669
-10.03,4,16.098677
-10.05,6,16.103673
-10.04,5,16.1078
-10.02,3,16.110801
-10.02,3,16.118309
-10.02,3,16.130817
-10.02,3,16.150918
-10.02,3,16.156426
-10.02,3,16.15945
-10.02,3,16.162003
-10.02,3,16.164944
-10.03,4,16.173123
-10.02,3,16.176119
-10.02,3,16.197247
-10.02,3,16.201822
-10.03,4,16.207788
-10.02,3,16.220375
-10.03,4,16.228885
-10.02,3,16.23192
-10.02,3,16.234918
-10.02,3,16.243505
-10.08,9,16.283441
-10.05,6,16.30155
-10.04,5,16.306514
-10.02,3,16.309515
-10.02,3,16.313029
-10.02,3,16.315032
-10.02,3,16.31818
-10.02,3,16.321179
-10.02,3,16.329288
-10.02,3,16.331289
-10.02,3,16.334512
-10.04,5,16.338512
-10.04,5,16.343025
-10.03,4,16.346025
-10.02,3,16.349027
-10.02,3,16.352025
-10.02,3,16.354174
-10.02,3,16.357176
-10.02,3,16.359176
-10.06,7,16.365208
-10.03,4,16.369205
-10.04,5,16.372709
-10.03,4,16.376713
-10.04,5,16.380743
-10.03,4,16.391252
-10.02,3,16.394252
-10.02,3,16.397252
-10.03,4,16.400255
-10.02,3,16.403254
-10.04,5,16.407254
-10.03,4,16.410764
-10.02,3,16.413764
-10.04,5,16.417766
-10.02,3,16.420279
-10.02,3,16.423279
-10.07,8,16.429833
-10.02,3,16.431787
-10.02,3,16.434785
-10.02,3,16.437785
-10.02,3,16.440322
-10.02,3,16.448327
-10.02,3,16.450829
-10.04,5,16.454834
-10.04,5,16.459833
-10.02,3,16.462346
-10.02,3,16.465344
-10.02,3,16.468342
-10.02,3,16.470343
-10.07,8,16.476343
-10.05,6,16.481345
-10.03,4,16.485343
-10.03,4,16.488851
-10.02,3,16.493853
-10.05,6,16.499803
-10.02,3,16.501804
-10.02,3,16.504803
-10.02,3,16.51297
-10.02,3,16.515964
-10.02,3,16.518502
-10.04,5,16.52254
-10.02,3,16.526541
-10.02,3,16.533116
-10.04,5,16.540659
-10.03,4,16.545687
-10.03,4,16.551263
-10.04,5,16.556256
-10.03,4,16.561379
-10.02,3,16.564421
-10.05,6,16.570988
-10.03,4,16.575992
-10.03,4,16.580559
-10.02,3,16.584559
-10.02,3,16.593539
-10.02,3,16.596539
-10.04,5,16.603078
-10.02,3,16.606078
-10.02,3,16.609078
-10.06,7,16.614588
-10.03,4,16.618587
-10.02,3,16.621094
-10.02,3,16.624099
-10.02,3,16.627099
-10.02,3,16.630099
-10.02,3,16.632609
-10.02,3,16.635609
-10.02,3,16.638609
-10.48,49,16.672648
-10.02,3,16.675157
-10.02,3,16.684093
-10.02,3,16.686309
-10.02,3,16.689309
-10.04,5,16.693309
-10.03,4,16.696474
-10.04,5,16.701474
-10.03,4,16.704978
-10.03,4,16.707983
-10.02,3,16.712983
-10.06,7,16.719095
-10.02,3,16.722094
-10.02,3,16.724096
-10.04,5,16.728605
-10.02,3,16.731607
-10.07,8,16.737606
-10.03,4,16.740606
-10.03,4,16.7511
-10.03,4,16.754098
-10.03,4,16.7581
-10.02,3,16.761118
-10.02,3,16.763123
-10.02,3,16.766124
-10.04,5,16.770122
-10.02,3,16.772634
-10.02,3,16.775635
-10.02,3,16.778634
-10.03,4,16.781636
-10.02,3,16.785044
-10.02,3,16.787045
-10.02,3,16.790044
-10.02,3,16.79255
-10.06,7,16.797553
-10.02,3,16.806062
-10.02,3,16.809062
-10.05,6,16.813571
-10.02,3,16.81657
-10.02,3,16.821572
-10.04,5,16.826082
-10.02,3,16.829082
-10.05,6,16.833651
-10.02,3,16.836592
-10.04,5,16.840595
-10.03,4,16.844096
-10.02,3,16.8471
-10.02,3,16.849102
-10.02,3,16.852102
-10.03,4,16.855611
-10.02,3,16.85861
-10.07,8,16.87022
-10.02,3,16.873222
-10.07,8,16.87973
-10.02,3,16.881733
-10.02,3,16.885237
-10.04,5,16.889242
-10.02,3,16.891244
-10.02,3,16.894243
-10.04,5,16.898754
-10.02,3,16.901753
-10.02,3,16.90375
-10.02,3,16.907266
-10.02,3,16.909265
-10.03,4,16.913267
-10.04,5,16.916773
-10.03,4,16.92078
-10.04,5,16.933291
-10.03,4,16.936289
-10.02,3,16.938797
-10.05,6,16.943797
-10.04,5,16.950313
-10.02,3,16.954312
-10.03,4,16.958817
-10.02,3,16.962338
-10.03,4,16.967337
-10.02,3,16.971847
-10.02,3,16.974849
-10.02,3,16.978847
-10.02,3,16.982397
-10.02,3,16.985393
-10.02,3,16.98839
499.91,10,16.998961
-10.03,4,17.010832
-10.03,4,17.014228
-10.04,5,17.018228
-10.02,3,17.021229
-10.03,4,17.025464
-10.02,3,17.029466
-10.03,4,17.033978
-10.03,4,17.040976
-10.04,5,17.045154
-10.05,6,17.050155
-10.03,4,17.053666
-10.03,4,17.056667
-10.06,7,17.062174
-10.02,3,17.065174
-10.03,4,17.068178
-10.04,5,17.072175
-10.02,3,17.081264
-10.06,7,17.086226
-10.02,3,17.089738
-10.02,3,17.092739
-10.05,6,17.096739
-10.02,3,17.100252
-10.03,4,17.103249
-10.03,4,17.10625
-10.03,4,17.109758
-10.02,3,17.112758
-10.02,3,17.114758
-10.02,3,17.117757
-10.02,3,17.121269
-10.02,3,17.124269
-10.04,5,17.128269
-10.02,3,17.13078
-10.02,3,17.138548
-10.02,3,17.142057
-10.02,3,17.144062
-10.02,3,17.150565
-10.03,4,17.153571
-10.03,4,17.157571
-10.02,3,17.159572
-10.02,3,17.163082
-10.02,3,17.166082
-10.04,5,17.170079
-10.36,37,17.197608
-10.02,3,17.199609
-10.03,4,17.203112
-10.03,4,17.207118
-10.06,7,17.212116
-10.02,3,17.214624
-10.03,4,17.222623
-10.02,3,17.226132
-10.02,3,17.229131
-10.03,4,17.232131
-10.04,5,17.236639
-10.03,4,17.240641
-10.02,3,17.242641
-10.02,3,17.246153
-10.02,3,17.248155
-10.04,5,17.253152
-10.02,3,17.257663
-10.07,8,17.264169
-10.02,3,17.26617
-10.02,3,17.26952
-10.02,3,17.272521
-10.02,3,17.27452
-10.02,3,17.28402
-10.03,4,17.287022
-10.02,3,17.290178
-10.03,4,17.294174
-10.04,5,17.29768
-10.02,3,17.300684
-10.02,3,17.303687
-10.03,4,17.306686
-10.03,4,17.310762
-10.02,3,17.312762
-10.02,3,17.315765
-10.03,4,17.319274
-10.04,5,17.323275
-10.03,4,17.327273
-10.04,5,17.330782
-10.03,4,17.333814
-10.02,3,17.342819
-10.02,3,17.345819
-10.03,4,17.348819
-10.02,3,17.351989
-10.02,3,17.356985
-10.03,4,17.365027
-10.02,3,17.375582
-10.03,4,17.382094
-10.02,3,17.387091
-10.02,3,17.39167
-10.06,7,17.416726
-10.02,3,17.418723
-10.04,5,17.429282
-10.06,7,17.439793
-10.02,3,17.44179
-10.03,4,17.448316
-10.02,3,17.461357
-10.08,9,17.480307
-10.02,3,17.483307
-10.02,3,17.486309
-10.02,3,17.489309
-10.02,3,17.492309
-10.03,4,17.498311
-10.02,3,17.502861
-10.03,4,17.507832
-10.02,3,17.512346
-10.02,3,17.515347
-10.05,6,17.522857
-10.04,5,17.528858
-10.02,3,17.53089
-10.02,3,17.5344
-10.04,5,17.538435
-10.03,4,17.549918
-10.02,3,17.551918
-10.02,3,17.555466
-10.02,3,17.557434
-10.02,3,17.560434
-10.02,3,17.563943
-10.02,3,17.56644
-10.02,3,17.569439
-10.05,6,17.573441
-10.02,3,17.576951
-10.02,3,17.578949
-10.02,3,17.581954
-10.02,3,17.587017
-10.03,4,17.592016
-10.02,3,17.59552
-10.02,3,17.599524
-10.02,3,17.608373
-10.02,3,17.610373
-10.03,4,17.613373
-10.02,3,17.617892
-10.03,4,17.622892
-10.03,4,17.627405
-10.03,4,17.632408
-10.03,4,17.635406
-10.02,3,17.638924
-10.03,4,17.641928
-10.03,4,17.645924
-10.03,4,17.649434
-10.05,6,17.653444
-10.03,4,17.656433
-10.04,5,17.659942
-10.04,5,17.664451
-10.02,3,17.673332
-10.02,3,17.676332
-10.03,4,17.679849
-10.03,4,17.682847
-10.02,3,17.685846
-10.06,7,17.691357
-10.04,5,17.695388
-10.02,3,17.69839
-10.02,3,17.700958
-10.04,5,17.704959
-10.03,4,17.713441
-10.02,3,17.718442
-10.02,3,17.72195
-10.02,3,17.725949
-10.03,4,17.728979
-10.04,5,17.732559
-10.02,3,17.742043
-10.02,3,17.746041
-10.03,4,17.752555
-10.02,3,17.755558
-10.03,4,17.759558
-10.02,3,17.761578
-10.02,3,17.764584
-10.03,4,17.767583
-10.03,4,17.771582
-10.03,4,17.775092
-10.02,3,17.777092
-10.03,4,17.780092
-10.02,3,17.783602
-10.02,3,17.7856
-10.02,3,17.788631
-10.1,11,17.797139
-10.03,4,17.806619
-10.03,4,17.809618
-10.02,3,17.811619
-10.02,3,17.815126
-10.02,3,17.817126
-10.04,5,17.82867
-10.04,5,17.835182
-10.03,4,17.842181
-10.04,5,17.848689
-10.02,3,17.853914
-10.04,5,17.860425
-10.03,4,17.866446
-10.02,3,17.870445
-10.02,3,17.874445
-10.03,4,17.879956
-10.04,5,17.886551
-10.02,3,17.896086
-10.03,4,17.89903
499.91,10,17.90503
-10.02,3,17.908537
-10.02,3,17.912539
-10.02,3,17.917049
-10.02,3,17.920054
-10.03,4,17.925054
-10.02,3,17.931565
-10.02,3,17.936562
-10.04,5,17.94307
-10.03,4,17.948577
-10.03,4,17.954582
-10.02,3,17.957582
-10.04,5,17.965645
-10.04,5,17.972149
-10.04,5,17.98229
-10.06,7,17.988289
-10.02,3,17.990404
-10.02,3,17.993395
-10.02,3,17.996394
-10.02,3,17.999395
-10.02,3,18.001906
-10.02,3,18.004905
-10.03,4,18.007906
-10.02,3,18.011411
-10.04,5,18.015416
-10.03,4,18.018415
-10.02,3,18.020415
-10.04,5,18.024924
-10.02,3,18.027923
-10.04,5,18.032428
-10.04,5,18.042936
-10.02,3,18.045941
-10.02,3,18.04994
-10.04,5,18.057449
-10.02,3,18.061952
-10.02,3,18.065958
-10.02,3,18.070958
-10.03,4,18.076958
-10.04,5,18.083464
-10.02,3,18.087503
-10.04,5,18.094044
-10.02,3,18.099036
-10.02,3,18.103147
-10.03,4,18.109164
-10.04,5,18.115727
-10.02,3,18.118732
-10.03,4,18.129272
-10.02,3,18.13178
-10.02,3,18.134782
-10.03,4,18.13878
-10.04,5,18.142296
-10.02,3,18.145297
-10.02,3,18.150297
-10.03,4,18.156806
-10.03,4,18.161805
-10.02,3,18.166315
-10.03,4,18.172817
-10.02,3,18.176821
-10.02,3,18.181825
-10.02,3,18.186335
-10.03,4,18.191337
-10.03,4,18.195845
-10.06,7,18.207354
-10.02,3,18.211354
-10.03,4,18.216863
-10.03,4,18.222865
-10.05,6,18.229372
-10.04,5,18.235879
-10.04,5,18.241885
-10.03,4,18.246387
-10.04,5,18.25139
-10.02,3,18.255391
-10.06,7,18.266163
-10.05,6,18.274133
-10.02,3,18.278133
-10.03,4,18.283642
-10.02,3,18.287642
-10.02,3,18.293148
-10.03,4,18.302153
-10.04,5,18.307663
-10.02,3,18.311662
-10.04,5,18.31717
-10.03,4,18.32217
-10.03,4,18.326678
-10.02,3,18.329678
-10.02,3,18.333678
-10.03,4,18.338184
-10.02,3,18.342187
-10.02,3,18.346694
-10.02,3,18.349695
-10.02,3,18.352693
-10.02,3,18.354693
-10.02,3,18.358201
-10.02,3,18.360201
-10.03,4,18.371699
-10.04,5,18.375699
-10.02,3,18.378207
-10.02,3,18.381207
-10.02,3,18.386208
-10.02,3,18.390719
-10.02,3,18.394717
-10.04,5,18.400226
-10.02,3,18.403227
-10.02,3,18.406227
-10.03,4,18.409737
-10.05,6,18.413736
-10.02,3,18.416737
-10.02,3,18.41924
-10.02,3,18.422244
-10.02,3,18.424244
-10.06,7,18.435715
-10.02,3,18.437714
-10.02,3,18.440218
-10.03,4,18.444222
-10.02,3,18.447242
-10.03,4,18.45073
-10.02,3,18.453735
-10.02,3,18.456736
-10.02,3,18.458735
-10.02,3,18.461238
-10.02,3,18.464668
-10.03,4,18.467667
-10.02,3,18.470667
-10.02,3,18.473178
-10.03,4,18.479178
-10.02,3,18.483705
-10.02,3,18.492208
-10.04,5,18.496214
-10.02,3,18.499216
-10.02,3,18.502718
-10.03,4,18.505723
-10.02,3,18.508722
-10.02,3,18.510725
-10.04,5,18.51524
-10.02,3,18.518235
-10.04,5,18.522235
-10.03,4,18.525746
-10.02,3,18.528746
-10.02,3,18.532745
-10.03,4,18.540254
-10.02,3,18.545761
-10.02,3,18.550828
-10.02,3,18.562807
-10.04,5,18.569406
-10.04,5,18.57338
-10.02,3,18.576891
-10.02,3,18.57989
-10.02,3,18.584887
-10.02,3,18.591402
-10.04,5,18.610418
-10.02,3,18.614418
-10.02,3,18.631438
-10.05,6,18.664468
-10.02,3,18.667471
-10.02,3,18.670979
-10.02,3,18.672976
-10.02,3,18.675976
-10.03,4,18.678976
-10.02,3,18.688484
-10.02,3,18.691992
-10.04,5,18.696993
-10.02,3,18.703508
-10.02,3,18.707508
-10.03,4,18.712011
-10.02,3,18.716017
-10.06,7,18.723525
-10.05,6,18.730526
-10.02,3,18.733092
-10.03,4,18.737041
-10.02,3,18.739038
-10.02,3,18.74204
-10.26,27,18.761119
-10.02,3,18.764198
-10.02,3,18.767233
-10.02,3,18.775711
-10.03,4,18.778712
-10.02,3,18.781714
-10.03,4,18.785214
-10.03,4,18.788218
-10.02,3,18.791219
-10.03,4,18.794219
-10.92,93,18.870189
-10.02,3,18.873189
-10.04,5,18.876189
-10.03,4,18.879762
-10.03,4,18.883761
-10.03,4,18.886768
-10.04,5,18.890334
-10.03,4,18.894333
-10.02,3,18.896334
-10.06,7,18.908377
-10.02,3,18.910382
-10.04,5,18.915381
499.92,9,18.930407
-10.03,4,18.935408
-10.03,4,18.941919
-10.04,5,18.948921
-10.03,4,18.954432
-10.02,3,18.959434
-10.02,3,18.964021
-10.05,6,18.971524
-10.05,6,18.979528
-10.02,3,18.983036
-10.02,3,18.986035
-10.02,3,18.989037
-10.04,5,18.993575
-10.02,3,19.001989
-10.04,5,19.007028
-10.04,5,19.012559
-10.02,3,19.01551
-10.02,3,19.018509
-10.02,3,19.021508
-10.02,3,19.024017
-10.02,3,19.030017
-10.02,3,19.035529
-10.02,3,19.039529
-10.02,3,19.042529
-10.03,4,19.048038
-10.03,4,19.052037
-10.1,11,19.064055
-10.03,4,19.068218
-10.06,7,19.076449
-10.02,3,19.085449
-10.02,3,19.08896
-10.02,3,19.092959
-10.03,4,19.099468
-10.05,6,19.106974
-10.02,3,19.110978
-10.03,4,19.116977
-10.03,4,19.122486
-10.02,3,19.127993
-10.03,4,19.135998
-10.03,4,19.141415
-10.04,5,19.148415
-10.02,3,19.152507
-10.02,3,19.156507
-10.02,3,19.160561
-10.02,3,19.16507
-10.03,4,19.175576
-10.02,3,19.177576
-10.02,3,19.181086
-10.04,5,19.185084
-10.02,3,19.188084
-10.03,4,19.191597
-10.04,5,19.195597
-10.02,3,19.197596
-10.02,3,19.201111
-10.04,5,19.205111
-10.02,3,19.208112
-10.02,3,19.210617
-10.03,4,19.216623
-10.02,3,19.219622
-10.02,3,19.22413
-10.02,3,19.228395
-10.04,5,19.238555
-10.05,6,19.246689
-10.02,3,19.249691
-10.02,3,19.254197
-10.04,5,19.261197
-10.03,4,19.266209
-10.03,4,19.271208
-10.02,3,19.27472
-10.02,3,19.277719
-10.02,3,19.279719
-10.02,3,19.28272
-10.02,3,19.285143
-10.02,3,19.288143
-10.02,3,19.290145
-10.04,5,19.294653
-10.03,4,19.297653
-10.02,3,19.306162
-10.03,4,19.309162
-10.02,3,19.312162
-10.03,4,19.315669
-10.03,4,19.319674
-10.02,3,19.32267
-10.02,3,19.325185
-10.02,3,19.328184
-10.02,3,19.330184
-10.03,4,19.333184
-10.03,4,19.338275
-10.02,3,19.341274
-10.02,3,19.343273
-10.04,5,19.347781
-10.03,4,19.354815
-10.02,3,19.358393
-10.02,3,19.367995
-10.04,5,19.371995
-10.02,3,19.375498
-10.02,3,19.379501
-10.02,3,19.384503
-10.03,4,19.390017
-10.04,5,19.396603
-10.02,3,19.40052
-10.04,5,19.405519
-10.02,3,19.409028
-10.02,3,19.413062
-10.02,3,19.416067
-10.02,3,19.419645
-10.03,4,19.424643
-10.04,5,19.430189
-10.03,4,19.434187
-10.02,3,19.443259
-10.04,5,19.447259
-10.02,3,19.45046
-10.04,5,19.454461
-10.05,6,19.463477
-10.04,5,19.470991
-10.03,4,19.476993
-10.04,5,19.484503
-10.04,5,19.491015
-10.02,3,19.496013
-10.04,5,19.502528
-10.02,3,19.506531
-10.03,4,19.510034
-10.02,3,19.512038
-10.03,4,19.51504
-10.02,3,19.518038
-10.02,3,19.526229
-10.02,3,19.528228
-10.02,3,19.530733
-10.02,3,19.533737
-10.02,3,19.535738
-10.02,3,19.538741
-10.04,5,19.544256
-10.03,4,19.547254
-10.02,3,19.549256
-10.03,4,19.553767
-10.03,4,19.556772
-10.02,3,19.559768
-10.03,4,19.563781
-10.02,3,19.565787
-10.03,4,19.572289
-10.02,3,19.576293
-10.04,5,19.586277
-10.02,3,19.589276
-10.03,4,19.594785
-10.04,5,19.602292
-10.03,4,19.608298
-10.02,3,19.612801
-10.02,3,19.614806
-10.02,3,19.617805
-10.06,7,19.62334
-10.02,3,19.626375
-10.02,3,19.628346
-10.03,4,19.632375
-10.02,3,19.63495
-10.03,4,19.637949
-10.02,3,19.640952
-10.03,4,19.644526
-10.03,4,19.652489
-10.04,5,19.656995
-10.03,4,19.660999
-10.04,5,19.668506
-10.02,3,19.672505
-10.04,5,19.678016
-10.02,3,19.681014
-10.02,3,19.683016
-10.02,3,19.686524
-10.02,3,19.688522
-10.04,5,19.696025
-10.02,3,19.701029
-10.02,3,19.705059
-10.04,5,19.714367
-10.04,5,19.741936
-10.03,4,19.752078
-10.04,5,19.770959
-10.04,5,19.776469
-10.02,3,19.779469
-10.02,3,19.78498
-10.04,5,19.79198
-10.02,3,19.79749
-10.06,7,19.805002
-10.02,3,19.809035
-10.02,3,19.813036
-10.02,3,19.82016
-10.03,4,19.82567
-10.02,3,19.830705
-10.02,3,19.83524
-10.04,5,19.84224
-10.03,4,19.849819
-10.04,5,19.857328
499.91,10,19.87037
-10.02,3,19.87337
-10.02,3,19.8779
-10.02,3,19.88288
-10.03,4,19.889391
-10.02,3,19.893391
-10.02,3,19.895896
-10.03,4,19.898906
-10.02,3,19.9019
-10.03,4,19.9049
-10.03,4,19.908409
-10.03,4,19.912408
-10.02,3,19.914411
-10.04,5,19.918916
-10.02,3,19.920916
-10.05,6,19.929518
-10.03,4,19.939999
-10.02,3,19.941998
-10.04,5,19.945998
-10.02,3,19.949506
-10.02,3,19.952506
-10.03,4,19.956507
-10.02,3,19.961022
-10.02,3,19.964522
-10.02,3,19.968527
-10.04,5,19.974096
-10.02,3,19.978597
-10.02,3,19.981603
-10.06,7,19.989174
-10.03,4,19.994213
-10.02,3,19.997213
-10.02,3,20.00079
-10.03,4,20.010264
-10.02,3,20.013264
-10.03,4,20.016263
-10.02,3,20.020779
-10.03,4,20.025777
-10.03,4,20.03028
-10.02,3,20.036287
-10.05,6,20.042794
-10.02,3,20.046794
-10.02,3,20.049794
-10.02,3,20.054302
-10.03,4,20.059302
-10.03,4,20.06281
-10.03,4,20.069322
-10.03,4,20.073829
-10.02,3,20.077828
-10.02,3,20.086338
-10.02,3,20.089341
-10.02,3,20.092913
-10.02,3,20.095958
-10.04,5,20.102426
-10.03,4,20.106436
-10.08,9,20.117941
-10.04,5,20.125453
-10.06,7,20.133955
-10.07,8,20.146811
-10.02,3,20.15081
-10.02,3,20.155361
-10.02,3,20.159365
-10.02,3,20.163363
-10.02,3,20.167942
-10.03,4,20.172907
-10.04,5,20.183459
-10.03,4,20.187969
-10.02,3,20.19097
-10.02,3,20.195474
-10.04,5,20.200478
-10.03,4,20.205982
-10.02,3,20.209988
-10.03,4,20.214988
-10.04,5,20.2205
-10.03,4,20.225498
-10.02,3,20.229005
-10.06,7,20.237579
-10.02,3,20.240618
-10.03,4,20.245618
-10.03,4,20.25316
-10.04,5,20.259668
-10.03,4,20.268756
-10.02,3,20.271755
-10.02,3,20.273755
-10.03,4,20.276755
-10.03,4,20.280262
-10.03,4,20.286264
-10.02,3,20.290771
-10.02,3,20.29577
-10.03,4,20.300279
-10.02,3,20.304279
-10.02,3,20.309312
-10.02,3,20.313891
-10.08,9,20.324447
-10.02,3,20.329453
-10.02,3,20.33303
-10.02,3,20.33703
-10.02,3,20.345996
-10.02,3,20.348996
-10.03,4,20.351996
-10.02,3,20.3545
-10.02,3,20.357505
-10.02,3,20.36317
-10.04,5,20.370679
-10.06,7,20.380188
-10.02,3,20.384188
-10.03,4,20.390696
-10.02,3,20.394696
-10.05,6,20.404203
-10.03,4,20.408714
-10.02,3,20.410714
-10.06,7,20.415713
-10.05,6,20.42122
499.91,10,20.434455
-10.02,3,20.436455
-10.02,3,20.439519
-10.02,3,20.442518
-10.02,3,20.445517
-10.03,4,20.44903
-10.03,4,20.452029
-10.02,3,20.455031
-10.02,3,20.457538
-10.02,3,20.460543
-10.02,3,20.462542
-10.02,3,20.46605
-10.02,3,20.468051
-10.02,3,20.475152
-10.02,3,20.478658
-10.04,5,20.485663
-10.03,4,20.49521
-10.03,4,20.50072
-10.02,3,20.504719
-10.03,4,20.510235
-10.03,4,20.516239
-10.02,3,20.520742
-10.02,3,20.525743
-10.03,4,20.53125
-10.02,3,20.53425
-10.03,4,20.537249
-10.02,3,20.53925
-10.02,3,20.542758
-10.03,4,20.545758
-10.05,6,20.549758
-10.76,77,20.623841
-10.02,3,20.627846
-10.02,3,20.63736
-10.02,3,20.63936
-10.02,3,20.64236
-10.02,3,20.64687
-10.04,5,20.653869
-10.04,5,20.660378
-10.02,3,20.66338
-10.02,3,20.665855
-10.04,5,20.669859
-10.02,3,20.672863
-10.02,3,20.675898
-10.03,4,20.679469
-10.05,6,20.683469
-10.02,3,20.686002
-10.04,5,20.690042
-10.02,3,20.693039
-10.02,3,20.701586
-10.03,4,20.704586
-10.03,4,20.711093
-10.03,4,20.714094
-10.04,5,20.720603
-10.02,3,20.723605
-10.02,3,20.725605
-10.04,5,20.731124
-10.03,4,20.734123
-10.03,4,20.737679
-10.02,3,20.740634
-10.03,4,20.74463
-10.03,4,20.748135
-10.06,7,20.753139
-10.03,4,20.75714
-10.02,3,20.759647
-10.02,3,20.767158
-10.03,4,20.772248
-10.02,3,20.77625
-10.03,4,20.782288
-10.05,6,20.789286
-10.06,7,20.798406
499.93,8,20.804522
-10.02,3,20.807489
-10.03,4,20.812107
-10.02,3,20.814111
-10.04,5,20.81811
-10.03,4,20.82268
-10.04,5,20.826684
-10.03,4,20.829679
-10.03,4,20.837261
-10.02,3,20.840837
-10.02,3,20.850006
-10.03,4,20.854045
-10.02,3,20.858045
-10.02,3,20.86219
-10.02,3,20.867701
-10.02,3,20.871207
-10.02,3,20.874207
-10.02,3,20.878208
-10.02,3,20.882726
-10.02,3,20.886724
-10.02,3,20.889725
-10.04,5,20.896233
-10.04,5,20.901736
-10.03,4,20.905739
-10.03,4,20.91074
-10.05,6,20.927857
-10.02,3,20.945965
-10.03,4,20.948966
-10.03,4,20.953469
-10.02,3,20.963982
-10.02,3,20.982088
-10.02,3,20.999129
-10.03,4,21.004127
-10.02,3,21.021362
-10.02,3,21.02601
-10.03,4,21.030922
-10.02,3,21.036494
-10.04,5,21.043493
-10.04,5,21.054065
-10.04,5,21.061592
-10.04,5,21.067622
-10.04,5,21.071627
-10.02,3,21.081138
-10.02,3,21.085138
-10.04,5,21.09055
-10.03,4,21.095547
-10.02,3,21.100616
-10.02,3,21.104616
-10.02,3,21.109124
-10.03,4,21.114129
-10.02,3,21.117128
-10.04,5,21.121212
-10.02,3,21.123213
-10.02,3,21.126212
-10.02,3,21.128212
-10.02,3,21.131723
-10.04,5,21.135722
-10.03,4,21.138723
-10.02,3,21.147675
-10.03,4,21.151182
-10.03,4,21.156182
-10.03,4,21.16069
-10.02,3,21.162697
-10.02,3,21.166209
-10.02,3,21.169208
-10.08,9,21.178717
-10.04,5,21.185225
-10.02,3,21.188225
-10.02,3,21.192738
-10.03,4,21.196737
-10.02,3,21.200778
-10.03,4,21.204899
-10.03,4,21.209903
-10.02,3,21.214318
-10.03,4,21.223598
-10.06,7,21.229598
-10.02,3,21.232598
-10.02,3,21.236109
-10.02,3,21.239109
-10.03,4,21.242111
-10.03,4,21.245623
-10.02,3,21.248626
-10.04,5,21.252626
-10.04,5,21.257135
-10.04,5,21.261134
-10.02,3,21.263638
-10.02,3,21.26616
-10.03,4,21.270159
-10.04,5,21.273663
-10.02,3,21.276666
-10.02,3,21.286176
-10.03,4,21.290176
-10.05,6,21.296684
-10.03,4,21.303687
-10.02,3,21.308196
-10.02,3,21.311195
-10.03,4,21.317707
-10.02,3,21.321709
-10.02,3,21.326211
-10.03,4,21.332217
-10.03,4,21.337728
-10.02,3,21.342728
-10.02,3,21.34723
-10.02,3,21.351234
-10.02,3,21.355234
-10.02,3,21.359744
-10.02,3,21.368249
-10.02,3,21.371253
-10.03,4,21.375254
-10.02,3,21.378762
-10.03,4,21.38177
-10.03,4,21.385767
-10.02,3,21.387766
-10.04,5,21.392275
-10.03,4,21.396275
-10.02,3,21.398276
-10.04,5,21.403795
-10.02,3,21.405787
-10.02,3,21.4113
-10.02,3,21.415302
-10.02,3,21.418301
-10.03,4,21.422809
-10.03,4,21.432156
-10.04,5,21.436154
-10.03,4,21.440157
-10.02,3,21.444196
-10.06,7,21.451195
-10.06,7,21.456709
-10.02,3,21.45971
-10.06,7,21.465733
-10.02,3,21.46874
-10.03,4,21.47174
-10.02,3,21.474259
-10.02,3,21.477259
-10.02,3,21.480259
-10.02,3,21.483259
-10.02,3,21.485793
-10.05,6,21.49077
-10.02,3,21.500282
-10.02,3,21.503288
-10.02,3,21.505805
-10.02,3,21.50881
-10.03,4,21.512799
-10.02,3,21.515311
-10.02,3,21.521311
-10.02,3,21.52482
-10.02,3,21.527826
-10.03,4,21.532826
499.91,10,21.544337
-10.02,3,21.547858
-10.04,5,21.553859
-10.03,4,21.558384
-10.02,3,21.562388
-10.02,3,21.565888
-10.06,7,21.577408
-10.05,6,21.581924
-10.02,3,21.584924
-10.02,3,21.587922
-10.02,3,21.589943
-10.02,3,21.592941
-10.03,4,21.595942
-10.02,3,21.599035
-10.02,3,21.602035
-10.02,3,21.605032
-10.02,3,21.607033
-10.02,3,21.610163
-10.02,3,21.613164
-10.06,7,21.618163
-10.05,6,21.622251
-10.04,5,21.629294
-10.02,3,21.63726
-10.02,3,21.639768
-10.03,4,21.644769
-10.02,3,21.647771
-10.02,3,21.652282
-10.02,3,21.656283
-10.03,4,21.660796
-10.02,3,21.664797
-10.02,3,21.667818
-10.03,4,21.672328
-10.02,3,21.676328
-10.03,4,21.680836
-10.03,4,21.685877
-10.02,3,21.688875
-10.03,4,21.693457
-10.02,3,21.697452
-10.02,3,21.706964
-10.02,3,21.708964
-10.02,3,21.711472
-10.03,4,21.715481
-10.04,5,21.719481
-10.04,5,21.723995
-10.03,4,21.726989
-10.02,3,21.729989
-10.02,3,21.732497
-10.03,4,21.739505
-10.02,3,21.744012
-10.02,3,21.747011
-10.03,4,21.752045
-10.06,7,21.759624
-10.02,3,21.76316
-10.03,4,21.767745
-10.02,3,21.777288
-10.04,5,21.781288
-10.07,8,21.790801
-10.05,6,21.797311
-10.03,4,21.80231
-10.02,3,21.80682
-10.02,3,21.809818
-10.02,3,21.813817
-10.05,6,21.821326
-10.02,3,21.824326
-10.05,6,21.831834
-10.02,3,21.834834
-10.02,3,21.839413
-10.03,4,21.846407
-10.06,7,21.853983
-10.06,7,21.861557
-10.04,5,21.872585
-10.02,3,21.876584
-10.03,4,21.880091
-10.02,3,21.882094
-10.04,5,21.886092
-10.02,3,21.8896
-10.02,3,21.892604
-10.02,3,21.894604
-10.02,3,21.898114
-10.02,3,21.901122
-10.04,5,21.90512
-10.02,3,21.907121
-10.02,3,21.910631
-10.04,5,21.914633
-10.02,3,21.917631
-10.02,3,21.92014
-10.02,3,21.92814
-10.02,3,21.930647
-10.02,3,21.933648
-10.02,3,21.937652
-10.02,3,21.942168
-10.04,5,21.948167
-10.03,4,21.955002
-10.02,3,21.960003
-10.04,5,21.964511
-10.03,4,21.970021
-10.02,3,21.973531
-10.02,3,21.97653
-10.02,3,21.981105
-10.06,7,21.989143
-10.03,4,21.993618
-10.03,4,21.998619
-10.07,8,22.011132
-10.02,3,22.013639
-10.02,3,22.018641
-10.04,5,22.026148
-10.05,6,22.034664
-10.02,3,22.038662
-10.03,4,22.044166
-10.02,3,22.04817
-10.08,9,22.059712
-10.02,3,22.066288
-10.03,4,22.070325
-10.02,3,22.073335
-10.02,3,22.077913
-10.02,3,22.080913
-10.04,5,22.087498
-10.04,5,22.092495
-10.02,3,22.101978
-10.04,5,22.106526
-10.03,4,22.112531
-10.02,3,22.124027
-10.02,3,22.13554
-10.02,3,22.149612
-10.04,5,22.167728
-10.02,3,22.173734
-10.03,4,22.185241
-10.04,5,22.199404
-10.04,5,22.208922
-10.03,4,22.223951
-10.04,5,22.236129
-10.02,3,22.257875
-10.02,3,22.263482
-10.02,3,22.291253
-10.06,7,22.303299
-10.03,4,22.306304
-10.02,3,22.309304
-10.02,3,22.313829
-10.05,6,22.322834
-10.02,3,22.327346
-10.02,3,22.332347
-10.02,3,22.336854
-10.02,3,22.340856
-10.02,3,22.345357
-10.04,5,22.352398
-10.02,3,22.355934
-10.03,4,22.361972
-10.04,5,22.368136
-10.02,3,22.372137
-10.04,5,22.37868
-10.07,8,22.394156
-10.02,3,22.397663
-10.02,3,22.401663
-10.02,3,22.405664
-10.03,4,22.412177
-10.02,3,22.416175
-10.02,3,22.421683
-10.02,3,22.426682
-10.02,3,22.431189
-10.03,4,22.436188
-10.03,4,22.441729
-10.02,3,22.445731
-10.06,7,22.454311
-10.02,3,22.458849
-10.03,4,22.463889
-10.02,3,22.467465
-10.03,4,22.478482
-10.02,3,22.480934
-10.02,3,22.483939
-10.02,3,22.486935
-10.02,3,22.488934
-10.02,3,22.492239
-10.02,3,22.495238
-10.02,3,22.500746
-10.02,3,22.504753
-10.04,5,22.509751
-10.04,5,22.516261
-10.02,3,22.519259
-10.02,3,22.522769
-10.03,4,22.527767
-10.04,5,22.53328
-10.07,8,22.542795
-10.05,6,22.553298
-10.02,3,22.556298
-10.02,3,22.559297
-10.02,3,22.562803
-10.02,3,22.564808
-10.03,4,22.569319
-10.04,5,22.572825
-10.04,5,22.576832
-10.02,3,22.57983
-10.03,4,22.58334
-10.02,3,22.586345
-10.05,6,22.591347
-10.02,3,22.593851
-10.02,3,22.596855
-10.06,7,22.601856
-10.02,3,22.604359
-10.02,3,22.613364
-10.02,3,22.616872
-10.03,4,22.619872
-10.02,3,22.622872
-10.02,3,22.625387
-10.05,6,22.631394
-10.02,3,22.633392
-10.02,3,22.635896
-10.04,5,22.640901
-10.02,3,22.642901
-10.05,6,22.648413
-10.02,3,22.650411
-10.02,3,22.65341
-10.02,3,22.65541
-10.02,3,22.658921
-10.04,5,22.662919
-10.04,5,22.671938
-10.02,3,22.674938
-10.04,5,22.678445
-10.03,4,22.682445
-10.03,4,22.687916
-10.02,3,22.691923
-10.03,4,22.69692
-10.04,5,22.702431
-10.02,3,22.706431
-10.03,4,22.711944
-10.04,5,22.719449
-10.02,3,22.723455
-10.02,3,22.727453
-10.03,4,22.73196
-10.04,5,22.736959
-10.02,3,22.740532
-10.02,3,22.75296
-10.04,5,22.758958
-10.02,3,22.762468
-10.02,3,22.76547
-10.02,3,22.768981
-10.02,3,22.771485
-10.02,3,22.774489
-10.02,3,22.77649
-10.02,3,22.77949
-10.02,3,22.781995
-10.02,3,22.785
-10.03,4,22.788
-10.03,4,22.791506
-10.02,3,22.79351
-10.02,3,22.79651
-10.02,3,22.79951
-10.03,4,22.80702
-10.03,4,22.811022
-10.02,3,22.813535
-10.02,3,22.816534
-10.02,3,22.819533
-10.06,7,22.828046
-10.04,5,22.833549
-10.04,5,22.838552
-10.02,3,22.842555
-10.02,3,22.847066
-10.04,5,22.852067
-10.02,3,22.855573
-10.04,5,22.861573
-10.03,4,22.866596
-10.04,5,22.872601
-10.02,3,22.8756
-10.02,3,22.883109
-10.02,3,22.885108
-10.03,4,22.888618
-10.02,3,22.893619
-10.02,3,22.898131
-10.02,3,22.902129
-10.02,3,22.90513
-10.02,3,22.908169
-10.02,3,22.91117
-10.02,3,22.914167
-10.02,3,22.917168
-10.03,4,22.920529
-10.03,4,22.923529
-10.02,3,22.926528
-10.02,3,22.929038
-10.02,3,22.93104
-10.02,3,22.941552
-10.04,5,22.945552
-10.06,7,22.951062
-10.02,3,22.954062
-10.02,3,22.957064
-10.02,3,22.959579
-10.03,4,22.962577
-10.03,4,22.966581
-10.03,4,22.96942
-10.03,4,22.973427
-10.04,5,22.977426
-10.03,4,22.980936
-10.03,4,22.983935
-10.02,3,22.986936
-10.02,3,22.988935
-10.02,3,22.991448
-10.03,4,22.999952
-10.05,6,23.004956
-10.03,4,23.007956
-10.02,3,23.010459
-10.04,5,23.017465
-10.02,3,23.021973
-10.02,3,23.024973
-10.02,3,23.028975
-10.02,3,23.033488
-10.02,3,23.036488
-10.04,5,23.042997
-10.02,3,23.048996
-10.03,4,23.053504
-10.03,4,23.057533
-10.02,3,23.061538
-10.02,3,23.065116
-10.02,3,23.075058
-10.02,3,23.079056
-10.03,4,23.084573
-10.04,5,23.089573
-10.02,3,23.094076
-10.02,3,23.099083
-10.02,3,23.10308
-10.02,3,23.108588
-10.02,3,23.112587
-10.02,3,23.117097
-10.06,7,23.126715
-10.04,5,23.132714
-10.06,7,23.141295
-10.02,3,23.145838
-10.02,3,23.149877
-10.03,4,23.157383
-10.02,3,23.165649
-10.02,3,23.168795
-10.02,3,23.171796
-10.02,3,23.174795
-10.02,3,23.176828
-10.02,3,23.180828
-10.02,3,23.183828
-10.02,3,23.185829
-10.02,3,23.188952
-10.03,4,23.192952
-10.03,4,23.195952
-10.03,4,23.199154
-10.04,5,23.203153
-10.02,3,23.206164
-10.04,5,23.210296
-10.02,3,23.212296
-10.04,5,23.221877
-10.02,3,23.224876
-10.04,5,23.228384
-10.03,4,23.233386
-10.06,7,23.240897
-10.02,3,23.244895
-10.02,3,23.247403
-10.02,3,23.250409
-10.06,7,23.255408
-10.02,3,23.258922
-10.02,3,23.26092
-10.03,4,23.267425
-10.02,3,23.271432
-10.02,3,23.274431
-10.03,4,23.280009
-10.02,3,23.283013
-10.06,7,23.29652
-10.03,4,23.30168
-10.03,4,23.306696
-10.02,3,23.310184
-10.02,3,23.314188
-10.02,3,23.318188
-10.03,4,23.323193
-10.04,5,23.329189
-10.04,5,23.352239
-10.02,3,23.363437
-10.02,3,23.36695
-10.03,4,23.37546
-10.03,4,23.380465
-10.02,3,23.383465
-10.02,3,23.386972
-10.04,5,23.393972
-10.02,3,23.405482
-10.04,5,23.420509
-10.08,9,23.432017
-10.04,5,23.437016
-10.05,6,23.443525
-10.03,4,23.450032
-10.02,3,23.455032
-10.04,5,23.461644
-10.03,4,23.465641
-10.02,3,23.470764
-10.02,3,23.474768
-10.03,4,23.488302
-10.02,3,23.49236
-10.02,3,23.497394
-10.02,3,23.500933
-10.02,3,23.504976
-10.02,3,23.516484
-10.02,3,23.519481
-10.02,3,23.52199
-10.02,3,23.524989
-10.02,3,23.52799
-10.02,3,23.529991
-10.02,3,23.533504
-10.02,3,23.535506
-10.02,3,23.538505
-10.03,4,23.54201
-10.03,4,23.545014
-10.03,4,23.549013
-10.02,3,23.551013
-10.02,3,23.553523
-10.03,4,23.557551
-10.04,5,23.561521
-10.02,3,23.569571
-10.02,3,23.571571
-10.02,3,23.573571
-10.02,3,23.579019
-10.04,5,23.586528
-10.02,3,23.593529
-10.03,4,23.599055
-10.02,3,23.604042
-10.03,4,23.609551
-10.02,3,23.613551
-10.02,3,23.61706
-10.03,4,23.623062
-10.02,3,23.627574
-10.03,4,23.633574
-10.02,3,23.637081
-10.02,3,23.642081
-10.02,3,23.650661
-10.03,4,23.654662
-10.02,3,23.657177
-10.02,3,23.660176
-10.02,3,23.662174
-10.02,3,23.665178
-10.03,4,23.668207
-10.03,4,23.672206
-10.02,3,23.674208
-10.02,3,23.677716
-10.02,3,23.679715
-10.02,3,23.682714
-10.03,4,23.685716
-10.03,4,23.689224
-10.02,3,23.692226
-10.02,3,23.695225
-10.03,4,23.705735
-10.02,3,23.708239
-10.02,3,23.711243
-10.02,3,23.714246
-10.02,3,23.718753
-10.03,4,23.723759
-10.03,4,23.729264
-10.02,3,23.733273
-10.04,5,23.738269
-10.03,4,23.741782
-10.02,3,23.744781
-10.04,5,23.748782
-10.03,4,23.752291
-10.03,4,23.755291
-10.02,3,23.758291
-10.03,4,23.761799
-10.02,3,23.769309
-10.06,7,23.775817
-10.03,4,23.779816
-10.02,3,23.783327
-10.02,3,23.785327
-10.02,3,23.788329
-10.07,8,23.794837
-10.02,3,23.796838
-10.02,3,23.799837
-10.03,4,23.803347
-10.02,3,23.806349
-10.02,3,23.809347
-10.02,3,23.813862
-10.04,5,23.81986
-10.02,3,23.823364
-10.05,6,23.82937
-10.02,3,23.838751
-10.02,3,23.841747
-10.02,3,23.84526
-10.03,4,23.85026
-10.02,3,23.854774
-10.02,3,23.85778
-10.02,3,23.860783
-10.02,3,23.863783
-10.02,3,23.867295
-10.02,3,23.869808
-10.03,4,23.873809
-10.04,5,23.877322
-10.04,5,23.881322
-10.04,5,23.886325
-10.03,4,23.888835
-10.02,3,23.89184
-10.02,3,23.900458
-10.02,3,23.902458
-10.04,5,23.907075
-10.04,5,23.910967
-10.02,3,23.913965
-10.06,7,23.919477
-10.04,5,23.926479
-10.02,3,23.92999
-10.03,4,23.934989
-10.02,3,23.938561
-10.02,3,23.942496
-10.03,4,23.946496
-10.02,3,23.950005
-10.02,3,23.954004
-10.03,4,23.958005
-10.04,5,23.964515
-10.02,3,23.973196
-10.02,3,23.976194
-10.03,4,23.979194
-10.02,3,23.982704
-10.02,3,23.985704
-10.02,3,23.988705
-10.02,3,23.991217
-10.03,4,23.995217
-10.03,4,23.99822
-10.04,5,24.002732
-10.02,3,24.00573
-10.02,3,24.007731
-10.02,3,24.011236
-10.02,3,24.013242
-10.03,4,24.017241
-10.03,4,24.020241
-10.02,3,24.027748
-10.02,3,24.030749
-10.02,3,24.037258
-10.02,3,24.03926
-10.03,4,24.044771
-10.05,6,24.051771
-10.04,5,24.058281
-10.02,3,24.061279
-10.03,4,24.066787
-10.05,6,24.074309
-10.02,3,24.079313
-10.02,3,24.083315
-10.02,3,24.087824
-10.04,5,24.094824
-10.02,3,24.099333
-10.02,3,24.103333
-10.05,6,24.11384
-10.03,4,24.117348
-10.07,8,24.123348
-10.03,4,24.126856
-10.02,3,24.13086
-10.02,3,24.134855
-10.04,5,24.141364
-10.04,5,24.14988
-10.03,4,24.153878
-10.02,3,24.157383
-10.02,3,24.161387
-10.02,3,24.165387
-10.02,3,24.168896
-10.04,5,24.17493
-10.02,3,24.178403
-10.05,6,24.186407
-10.02,3,24.194995
-10.04,5,24.199493
-10.02,3,24.202507
-10.05,6,24.2075
-10.03,4,24.211016
-10.02,3,24.214016
-10.06,7,24.219014
-10.02,3,24.221527
-10.02,3,24.224528
-10.04,5,24.229534
-10.02,3,24.23204
-10.03,4,24.236039
-10.03,4,24.239047
-10.05,6,24.24455
-10.03,4,24.247555
-10.04,5,24.25155
-10.02,3,24.260061
-10.03,4,24.263583
-10.02,3,24.265572
-10.02,3,24.268077
-10.02,3,24.274593
-10.02,3,24.278592
-10.02,3,24.281592
-10.04,5,24.287105
-10.03,4,24.291106
-10.02,3,24.293609
-10.04,5,24.297615
-10.03,4,24.300614
-10.02,3,24.304215
-10.02,3,24.307144
-10.03,4,24.310142
-10.03,4,24.313154
-10.03,4,24.322993
-10.02,3,24.325498
-10.04,5,24.329502
-10.04,5,24.334116
-10.02,3,24.336607
-10.03,4,24.340608
-10.02,3,24.343607
-10.02,3,24.346112
-10.02,3,24.349117
-10.04,5,24.353118
-10.03,4,24.356627
-10.02,3,24.359616
-10.02,3,24.362144
-10.02,3,24.365145
-10.03,4,24.368152
-10.02,3,24.371156
-10.04,5,24.382674
-10.05,6,24.386674
-10.04,5,24.39072
-10.02,3,24.394719
-10.02,3,24.397229
-10.02,3,24.400234
-10.02,3,24.403236
-10.02,3,24.405245
-10.02,3,24.408756
-10.02,3,24.410755
-10.04,5,24.41576
-10.07,8,24.422269
-10.02,3,24.425269
-10.04,5,24.429779
-10.03,4,24.432778
-10.02,3,24.434779
-10.02,3,24.443289
-10.02,3,24.446287
-10.04,5,24.449798
499.93,8,24.455796
-10.02,3,24.460326
-10.02,3,24.464312
-10.02,3,24.468816
-10.04,5,24.474828
-10.02,3,24.478828
-10.02,3,24.484337
-10.06,7,24.494852
-10.02,3,24.499852
-10.02,3,24.503361
-10.02,3,24.508363
-10.02,3,24.512871
-10.05,6,24.519873
-10.03,4,24.536892
-10.03,4,24.545425
-10.02,3,24.552428
-10.02,3,24.559943
-10.03,4,24.566458
-10.02,3,24.56982
-10.05,6,24.57591
-10.04,5,24.57991
-10.08,9,24.591423
-10.02,3,24.597646
-10.02,3,24.608849
-10.02,3,24.611847
-10.02,3,24.614848
-10.03,4,24.624357
-10.13,14,24.643382
-10.06,7,24.664077
