#{"t_start": 1716827975.584776, "env_id": "None"}
r,l,t
-10.13,14,3.082762
-10.28,29,3.2112
-10.03,4,3.237395
-11.01,102,3.785065
-10.42,43,4.06391
-10.18,19,4.177551
-10.22,23,4.282408
-10.35,36,4.484413
-10.65,66,4.852621
-10.22,23,4.982248
-10.29,30,5.148492
-10.03,4,5.172636
-10.28,29,5.402445
-10.18,19,5.481664
-10.93,94,5.959719
-10.58,59,6.28398
-10.29,30,6.460939
-11.96,197,7.40893
-10.07,8,7.438229
-10.05,6,7.461891
-10.07,8,7.497025
-10.18,19,7.59569
-10.24,25,7.688414
-10.67,68,8.002274
-10.72,73,8.28101
-10.98,99,8.703499
-10.16,17,8.792669
-10.72,73,9.124916
-10.1,11,9.165615
-12.82,283,10.655717
-10.36,37,10.840005
-11.11,112,11.380543
-10.66,67,11.631728
-10.28,29,11.738473
-11.11,112,12.143637
-10.07,8,12.174348
-10.14,15,12.258215
-10.49,50,12.492021
-10.61,62,12.738334
-10.32,33,12.866199
-10.85,86,13.174757
-10.2,21,13.249506
-10.7,71,13.6008
-10.34,35,13.726558
-10.34,35,13.851689
-10.34,35,13.999729
-10.08,9,14.033298
-10.34,35,14.16891
-10.28,29,14.308224
-10.59,60,14.523395
-10.25,26,14.642786
-10.55,56,14.91027
-10.24,25,15.000582
-10.16,17,15.072852
-10.31,32,15.185546
-10.62,63,15.428252
-10.12,13,15.471132
-10.32,33,15.590878
-10.02,3,15.598446
-10.23,24,15.686931
-10.06,7,15.717652
-10.09,10,15.753188
-11.68,169,16.435546
-10.25,26,16.534458
-10.07,8,16.561089
-10.52,53,16.765896
-10.59,60,16.980409
-10.24,25,17.108414
-10.77,78,17.444016
-10.71,72,17.70581
-10.07,8,17.732521
-10.09,10,17.767559
-10.12,13,17.815821
-10.15,16,17.874211
-10.43,44,18.048291
-10.09,10,18.083901
-10.56,57,18.325028
-10.62,63,18.621031
-10.24,25,18.717355
-10.32,33,18.919215
-10.31,32,19.09134
-10.19,20,19.210971
-10.3,31,19.360919
-10.1,11,19.4264
-10.35,36,19.718032
-10.14,15,19.793975
-10.34,35,20.01091
-10.26,27,20.175966
-10.14,15,20.269674
-10.31,32,20.453109
-10.34,35,20.695907
-10.06,7,20.809234
-10.08,9,20.861558
-10.3,31,21.018904
-10.36,37,21.242444
-10.28,29,21.414813
-10.11,12,21.47363
-10.37,38,21.691649
-10.62,63,22.100447
-10.41,42,22.342498
-10.05,6,22.373729
-10.18,19,22.493077
-10.55,56,22.82175
-10.05,6,22.856389
-10.05,6,22.903742
-10.21,22,23.034273
-10.24,25,23.225335
-10.49,50,23.49421
-10.38,39,23.701478
-10.86,87,24.204243
-10.19,20,24.369894
-10.52,53,24.652204
-10.27,28,24.79332
-11.15,116,25.368386
-10.07,8,25.402087
-10.72,73,25.856287
-10.67,68,26.196395
-10.07,8,26.2336
-10.62,63,26.548321
-10.23,24,26.68379
-10.08,9,26.775496
-10.38,39,27.027246
-10.81,82,27.430943
-10.11,12,27.495728
-10.25,26,27.620053
-10.16,17,27.697677
-10.31,32,27.882695
-10.13,14,28.016483
-10.15,16,28.112132
-10.26,27,28.262041
-10.18,19,28.353514
-10.43,44,28.519209
-10.41,42,28.66591
-10.08,9,28.701801
-10.57,58,28.915232
-10.52,53,29.15035
-10.08,9,29.220394
-10.32,33,29.34321
-10.54,55,29.542149
-10.5,51,29.737378
-10.84,85,30.043591
-10.05,6,30.062747
-10.1,11,30.102544
-10.72,73,30.46301
-10.56,57,30.664549
-10.21,22,30.753134
-10.13,14,30.801444
-10.18,19,30.873878
-10.31,32,31.010129
-10.19,20,31.081078
-10.11,12,31.121268
-10.21,22,31.199989
-10.43,44,31.360789
-10.47,48,31.602295
-10.65,66,31.866931
-11.21,122,32.32009
-10.78,79,32.618696
-10.57,58,32.922883
-10.54,55,33.122239
-10.31,32,33.239285
-10.09,10,33.275411
-11.0,101,33.639824
-10.08,9,33.676385
-10.39,40,33.821611
-10.18,19,33.891005
-10.25,26,34.082165
-10.56,57,34.290958
-10.47,48,34.477022
-10.19,20,34.548421
-10.84,85,34.855423
-10.21,22,34.946284
-10.31,32,35.059399
-10.17,18,35.154553
-10.46,47,35.371019
-10.3,31,35.481072
-10.42,43,35.63656
-10.31,32,35.755044
-10.49,50,35.954982
-10.29,30,36.124731
-10.08,9,36.17403
-10.13,14,36.2566
-10.06,7,36.296245
-10.11,12,36.419273
-10.06,7,36.4604
-10.21,22,36.56617
-10.63,64,36.933211
-10.42,43,37.169343
-10.71,72,37.649173
-11.42,143,38.451471
-10.83,84,38.984957
-10.1,11,39.040169
-10.16,17,39.141073
-10.53,54,39.483639
-10.14,15,39.578001
-10.17,18,39.680666
-10.54,55,40.023552
-10.21,22,40.125764
-10.67,68,40.508991
-10.57,58,40.841954
-10.29,30,41.007137
-10.38,39,41.272588
-10.49,50,41.54636
-10.08,9,41.596245
-10.17,18,41.681738
-10.27,28,41.828764
-10.07,8,41.872568
-10.75,76,42.262824
-10.13,14,42.351055
-10.59,60,42.710081
-10.1,11,42.76572
-10.04,5,42.789867
-10.28,29,42.939874
-11.06,107,43.473768
-10.39,40,43.746096
-10.4,41,43.95993
-10.38,39,44.166073
-10.17,18,44.254233
-10.34,35,44.428838
-10.12,13,44.490034
-10.33,34,44.670272
-10.38,39,44.947699
-10.39,40,45.187086
-10.16,17,45.245448
-10.09,10,45.281498
-10.36,37,45.419088
-10.65,66,45.660324
-10.13,14,45.711708
-10.39,40,45.874757
-10.36,37,46.098437
-10.06,7,46.120556
-10.25,26,46.219229
-10.46,47,46.387337
-10.34,35,46.517804
-10.4,41,46.661681
-10.14,15,46.716118
-10.05,6,46.736254
-10.6,61,46.986026
-10.38,39,47.199439
-10.58,59,47.415682
-10.27,28,47.520493
-10.6,61,47.738214
-10.5,51,47.943384
-11.35,136,48.530673
-10.17,18,48.598482
-10.5,51,48.777773
-10.08,9,48.812583
-10.07,8,48.844037
-10.23,24,48.926821
-10.36,37,49.064285
-10.7,71,49.319162
-10.1,11,49.359236
-10.63,64,49.670143
-10.36,37,49.799606
-10.38,39,49.941758
-10.17,18,50.010308
-10.38,39,50.154127
-10.25,26,50.244205
-10.1,11,50.284341
-11.1,111,50.736826
-10.04,5,50.760864
-10.58,59,51.032611
-10.37,38,51.171919
-10.38,39,51.304893
-10.39,40,51.451694
-10.04,5,51.472849
-10.33,34,51.597383
-10.1,11,51.635588
-10.53,54,51.836807
-10.17,18,51.905033
-10.14,15,51.990433
-10.12,13,52.06888
-10.12,13,52.140738
-10.36,37,52.268752
-10.52,53,52.478657
-10.07,8,52.508887
-10.16,17,52.56907
-10.41,42,52.723882
-10.27,28,52.851005
-10.08,9,52.910579
-10.9,91,53.486959
-10.26,27,53.625509
-10.05,6,53.668213
-10.07,8,53.71014
-11.35,136,54.577198
-10.12,13,54.644632
-10.34,35,54.825205
-10.5,51,55.131585
-10.72,73,55.553372
-10.08,9,55.658847
-10.47,48,55.8813
-10.25,26,56.02497
-10.29,30,56.211115
-10.28,29,56.375092
-10.13,14,56.452782
-10.1,11,56.512212
-11.42,143,57.408895
-10.73,74,57.832057
-11.44,145,58.642104
-10.19,20,58.74039
-10.19,20,58.837712
-10.23,24,58.949076
-10.07,8,58.99194
-10.32,33,59.223235
-10.23,24,59.365137
-10.2,21,59.496685
-10.57,58,59.784443
-10.61,62,60.093541
-11.0,101,60.695611
-10.19,20,60.792848
-10.17,18,60.87617
-10.18,19,60.974756
-10.15,16,61.053847
-10.1,11,61.107848
-10.28,29,61.244668
-10.92,93,61.792306
-10.96,97,62.233638
-11.04,105,62.690898
-10.98,99,63.11082
-10.14,15,63.168191
-10.05,6,63.193251
-10.55,56,63.420015
-10.37,38,63.555493
-10.22,23,63.639924
-10.56,57,63.848069
-10.15,16,63.993625
-10.42,43,64.149806
-10.14,15,64.206623
-10.59,60,64.4242
-10.28,29,64.531382
-10.37,38,64.665157
-10.17,18,64.733338
-10.4,41,64.879259
-10.31,32,64.998014
-10.21,22,65.116473
-10.11,12,65.192388
-10.42,43,65.362449
-10.32,33,65.483687
-10.71,72,65.741232
-10.55,56,65.94399
-10.65,66,66.180668
-10.23,24,66.309981
-10.33,34,66.474146
-10.41,42,66.620568
-10.16,17,66.686984
-10.47,48,66.861317
-10.36,37,66.996521
-10.38,39,67.151535
-11.01,102,67.600913
-10.47,48,67.782168
-10.23,24,67.861949
-10.2,21,67.946401
-10.15,16,68.004595
-11.3,131,68.474591
-10.05,6,68.493604
-11.05,106,68.948137
-10.54,55,69.160125
-10.34,35,69.288237
-10.39,40,69.428205
-10.55,56,69.641354
-10.35,36,69.77661
-10.38,39,70.042638
-10.86,87,70.514905
-10.1,11,70.570231
-10.09,10,70.628515
-10.36,37,70.858015
-10.69,70,71.284547
-10.87,88,71.74125
-10.42,43,72.001922
-10.28,29,72.168319
-10.57,58,72.497763
-10.11,12,72.562911
-10.26,27,72.693356
-10.24,25,72.828145
-10.86,87,73.295268
-10.07,8,73.346558
-10.28,29,73.555136
-10.26,27,73.725548
-10.82,83,74.203236
-10.54,55,74.520424
-12.22,223,75.752629
-10.24,25,75.918911
-10.05,6,75.963875
-10.24,25,76.130515
-10.34,35,76.329095
-10.38,39,76.5169
-10.29,30,76.669276
-10.34,35,76.840558
-10.32,33,77.012054
-10.18,19,77.14849
-10.66,67,77.528912
-10.09,10,77.578402
-10.19,20,77.67758
-10.09,10,77.727652
-10.14,15,77.799351
-10.22,23,77.909529
-10.14,15,77.985374
-10.63,64,78.324236
-10.32,33,78.54403
-10.11,12,78.617389
-10.48,49,78.84674
-10.23,24,78.941572
-10.6,61,79.173765
-10.14,15,79.226855
-10.16,17,79.291938
-10.25,26,79.381081
-11.13,114,79.903545
-11.48,149,80.457241
-10.3,31,80.567376
-12.25,226,81.475655
-10.28,29,81.576994
-10.27,28,81.676762
-10.39,40,81.819687
-10.54,55,82.108517
-10.4,41,82.259696
-10.08,9,82.285221
-10.14,15,82.339604
-10.62,63,82.567815
-10.08,9,82.601377
-10.77,78,82.874075
-10.08,9,82.910582
-11.09,110,83.394558
-11.04,105,83.790128
-10.16,17,83.861228
-10.3,31,83.98639
-10.05,6,84.005405
-10.3,31,84.115557
-10.12,13,84.167279
-10.29,30,84.273477
-10.21,22,84.433188
-10.3,31,84.574212
-10.27,28,84.674587
-10.35,36,84.804159
-10.2,21,84.878079
-10.52,53,85.070456
-10.33,34,85.196071
-10.74,75,85.487858
-10.09,10,85.52413
-10.93,94,85.955649
-10.57,58,86.159233
-10.28,29,86.265018
-11.5,151,87.006329
-10.21,22,87.123487
-10.19,20,87.245064
-10.1,11,87.311868
-10.24,25,87.463958
-10.57,58,87.814605
-10.56,57,88.199819
-10.17,18,88.282738
-10.22,23,88.429379
-10.17,18,88.539407
-10.47,48,88.828753
-10.23,24,88.962698
-10.14,15,89.028388
-10.81,82,89.55003
-10.39,40,89.790322
-10.59,60,90.146785
-10.1,11,90.210469
-10.3,31,90.448372
-10.12,13,90.508658
-10.36,37,90.711838
-10.07,8,90.758158
-10.26,27,90.917157
-10.44,45,91.167336
-10.34,35,91.363485
-10.54,55,91.729668
-10.1,11,91.789924
-10.49,50,92.086452
-11.38,139,92.831869
-10.23,24,92.976313
-10.61,62,93.289537
-10.14,15,93.363067
-10.27,28,93.507058
-10.38,39,93.693671
-10.16,17,93.782528
-10.23,24,93.940408
-10.2,21,94.07981
-10.22,23,94.205456
-10.97,98,94.696566
-10.15,16,94.774205
-10.16,17,94.862723
-10.18,19,94.948431
-10.48,49,95.239786
-10.11,12,95.303907
-10.24,25,95.443885
-10.26,27,95.569995
-10.59,60,95.860426
-10.27,28,96.000896
-10.19,20,96.079696
-10.33,34,96.196021
-10.23,24,96.300006
-10.33,34,96.500818
-10.86,87,96.805811
-10.2,21,96.893691
-10.35,36,97.022729
-10.11,12,97.065042
-10.35,36,97.190229
-10.27,28,97.316825
-10.65,66,97.593604
-10.07,8,97.664678
-10.54,55,97.86327
-10.39,40,98.005842
-10.52,53,98.195344
-10.78,79,98.487091
-10.26,27,98.587677
-10.43,44,98.779384
-10.31,32,98.946189
-10.11,12,98.986224
-10.38,39,99.133513
-10.3,31,99.240165
-10.46,47,99.410983
-10.12,13,99.452653
-10.6,61,99.669303
-10.4,41,99.822273
-10.61,62,100.12674
-10.26,27,100.218432
-10.39,40,100.368212
-10.52,53,100.560975
-10.77,78,100.842689
-10.08,9,100.871212
-10.24,25,100.963556
-10.35,36,101.097206
-10.27,28,101.278494
-10.14,15,101.347445
-10.42,43,101.505701
-10.29,30,101.613518
-10.8,81,101.903545
-10.28,29,102.008034
-10.27,28,102.105316
-10.27,28,102.218553
-10.2,21,102.301012
-10.3,31,102.481866
-10.26,27,102.596746
-10.48,49,102.772094
-10.12,13,102.814138
-10.78,79,103.096788
-10.16,17,103.152848
-10.03,4,103.168357
-10.09,10,103.206399
-11.93,194,104.125574
-10.21,22,104.254124
-10.25,26,104.421337
-10.44,45,104.685436
-10.13,14,104.776697
-10.81,82,105.267235
-10.13,14,105.349635
-10.16,17,105.450525
-10.17,18,105.554343
-10.4,41,105.773078
-10.28,29,105.960404
-10.55,56,106.277432
-10.53,54,106.598567
-10.16,17,106.685428
-10.51,52,106.993317
-10.67,68,107.407032
-10.32,33,107.574979
-10.18,19,107.672212
-10.32,33,107.866223
-11.18,119,108.590794
-10.14,15,108.678032
-10.56,57,108.955159
-10.12,13,109.020497
-10.15,16,109.099134
-10.2,21,109.203184
-10.16,17,109.292833
-10.09,10,109.342057
-10.25,26,109.485731
-10.35,36,109.746762
-10.27,28,109.895971
-11.42,143,110.599885
-10.71,72,111.036654
-10.25,26,111.162939
-10.06,7,111.194534
-10.81,82,111.603507
-10.5,51,111.874266
-11.74,175,112.766802
-10.46,47,112.933543
-10.88,89,113.35108
-10.35,36,113.482891
-10.49,50,113.658744
-10.42,43,113.81649
-10.38,39,113.955383
-10.25,26,114.046857
-10.47,48,114.211848
-10.75,76,114.580067
-10.98,99,114.943778
-10.16,17,115.008703
-10.62,63,115.230866
-10.25,26,115.329087
-10.61,62,115.604395
-10.36,37,115.764824
-10.51,52,115.957601
-10.18,19,116.028228
-10.16,17,116.086342
-10.08,9,116.118871
-10.77,78,116.403528
-10.26,27,116.503523
-10.69,70,116.870062
-10.4,41,117.017621
-10.46,47,117.18374
-10.31,32,117.304724
-10.28,29,117.409297
-10.03,4,117.41985
-10.14,15,117.473259
-10.43,44,117.63458
-10.22,23,117.720187
-10.4,41,117.870735
-10.72,73,118.230348
-11.0,101,118.591735
-11.33,134,119.094106
-11.11,112,119.582212
-11.01,102,119.958065
-10.96,97,120.500347
-10.06,7,120.531046
-10.67,68,120.896263
-10.16,17,120.988171
-10.13,14,121.06874
-10.16,17,121.171409
-10.7,71,121.666559
-10.53,54,121.932058
-10.2,21,122.07083
-10.04,5,122.102431
-10.2,21,122.2307
-10.6,61,122.606311
-10.14,15,122.718892
-10.5,51,123.014885
-10.18,19,123.117704
-10.29,30,123.283603
-10.16,17,123.383792
-10.07,8,123.436467
-10.52,53,123.754272
-10.12,13,123.82929
-10.22,23,123.962286
-10.96,97,124.523235
-10.27,28,124.684103
-10.2,21,124.812279
-10.05,6,124.842004
-10.9,91,125.407917
-11.05,106,125.944295
-10.39,40,126.134675
-10.1,11,126.188684
-10.37,38,126.460265
-10.66,67,126.836486
-10.24,25,126.962052
-10.22,23,127.072951
-10.28,29,127.212497
-10.37,38,127.402738
-10.23,24,127.54737
-10.17,18,127.695709
-10.1,11,127.762121
-10.12,13,127.836995
-10.78,79,128.247089
-10.25,26,128.371855
-10.04,5,128.394571
-10.48,49,128.640942
-10.24,25,128.798842
-10.13,14,128.899381
-10.37,38,129.123898
-10.38,39,129.316703
-10.62,63,129.592575
-11.12,113,130.071903
-10.6,61,130.311724
-10.76,77,130.594622
-10.21,22,130.669815
-10.12,13,130.720073
-10.13,14,130.771409
-10.95,96,131.131508
-10.64,65,131.456857
-10.31,32,131.576836
-10.32,33,131.700023
-10.22,23,131.780179
-10.53,54,131.975828
-10.32,33,132.099777
-11.19,120,132.631365
-10.5,51,132.819114
-10.23,24,132.910074
-10.12,13,132.955216
-10.65,66,133.211593
-10.07,8,133.235983
-10.31,32,133.3576
-10.42,43,133.516775
-10.28,29,133.665962
-10.12,13,133.758212
-10.12,13,133.803385
-10.22,23,133.888576
-10.52,53,134.077824
-10.17,18,134.145746
-10.59,60,134.372239
-10.73,74,134.639902
-10.23,24,134.72749
-10.07,8,134.750603
-10.3,31,134.922649
-10.18,19,135.013255
-11.06,107,135.416085
-10.09,10,135.453133
-10.24,25,135.54854
-10.13,14,135.594347
-10.62,63,135.824997
-10.05,6,135.850552
-10.58,59,136.123622
-10.14,15,136.216692
-10.33,34,136.338396
-10.5,51,136.518601
-10.81,82,136.808749
-10.66,67,137.115193
-10.29,30,137.361643
-10.22,23,137.468281
-10.71,72,137.871308
-10.76,77,138.342086
-10.11,12,138.430694
-10.31,32,138.63752
-10.48,49,138.901915
-10.37,38,139.11734
-10.68,69,139.513443
-10.3,31,139.747412
-10.25,26,139.888901
-10.29,30,140.034457
-10.65,66,140.418911
-10.53,54,140.724573
-10.18,19,140.832719
-10.63,64,141.196622
-10.36,37,141.414737
-10.14,15,141.491579
-10.14,15,141.583939
-10.78,79,142.045215
-10.25,26,142.21353
-11.27,128,142.895124
-10.25,26,143.023338
-10.79,80,143.513862
-10.3,31,143.69693
-10.76,77,144.065554
-10.09,10,144.114203
-10.32,33,144.284832
-10.16,17,144.370382
-10.18,19,144.538398
-10.34,35,144.730534
-10.63,64,145.047967
-10.54,55,145.309556
-10.24,25,145.436801
-10.06,7,145.46493
-10.04,5,145.487215
-10.23,24,145.624786
-10.45,46,145.922205
-10.12,13,145.997708
-10.2,21,146.091849
-10.22,23,146.199954
-10.35,36,146.355097
-10.41,42,146.503395
-10.07,8,146.541018
-10.89,90,146.933522
-10.49,50,147.140435
-10.1,11,147.180198
-10.98,99,147.539566
-10.07,8,147.564291
-10.09,10,147.601514
-10.08,9,147.63525
-10.25,26,147.727087
-10.39,40,147.871582
-10.23,24,147.960668
-10.68,69,148.305789
-10.62,63,148.537833
-10.49,50,148.716837
-10.12,13,148.765511
-10.1,11,148.804743
-10.11,12,148.852514
-10.28,29,148.953619
-10.46,47,149.13599
-10.2,21,149.209438
-10.2,21,149.341228
-10.44,45,149.527572
-10.24,25,149.620043
-10.1,11,149.657336
-10.12,13,149.70859
-10.32,33,149.831873
-10.78,79,150.115701
-10.09,10,150.152413
-10.17,18,150.226862
-10.62,63,150.489558
-10.55,56,150.741974
-10.19,20,150.814517
-10.55,56,151.013908
-10.31,32,151.127442
-11.39,140,151.661309
-10.27,28,151.827586
-10.2,21,151.903034
-10.22,23,151.988253
-10.77,78,152.274272
-10.19,20,152.347338
-10.05,6,152.375779
-10.27,28,152.474392
-10.19,20,152.546493
-10.21,22,152.631494
-10.21,22,152.71228
-10.5,51,152.965039
-10.72,73,153.260473
-10.34,35,153.387009
-10.73,74,153.665532
-10.56,57,153.956046
-10.1,11,154.021348
-10.17,18,154.183227
-10.14,15,154.269384
-10.22,23,154.382165
-10.09,10,154.432538
-10.5,51,154.732179
-10.15,16,154.829269
-10.1,11,154.895255
-10.64,65,155.292832
-10.44,45,155.569314
-10.53,54,155.873182
-12.3,231,157.24254
-10.59,60,157.635545
-10.67,68,158.043994
-10.09,10,158.108745
-10.25,26,158.267583
-10.19,20,158.388695
-10.28,29,158.558842
-10.93,94,159.16866
-10.24,25,159.301698
-10.33,34,159.464804
-10.11,12,159.530351
-10.32,33,159.685154
-10.39,40,159.869137
-10.16,17,159.978367
-10.1,11,160.033036
-10.64,65,160.419177
-10.57,58,160.70895
-10.4,41,160.916162
-10.38,39,161.106621
-10.15,16,161.209329
-11.28,129,161.936061
-10.07,8,161.980512
-10.37,38,162.167131
-10.39,40,162.355003
-10.73,74,162.85284
-10.18,19,162.945857
-10.08,9,162.990378
-10.37,38,163.18264
-10.7,71,163.440825
-10.93,94,163.862213
-10.55,56,164.077954
-10.46,47,164.258464
-11.17,118,164.686171
-10.17,18,164.763723
-11.29,130,165.339021
-10.08,9,165.372556
-10.06,7,165.400816
-10.19,20,165.474682
-10.64,65,165.708245
-10.1,11,165.744962
-10.13,14,165.798197
-10.23,24,165.883125
-10.27,28,166.089925
-10.17,18,166.157504
-10.12,13,166.201273
-10.03,4,166.217418
-10.86,87,166.529889
-10.75,76,166.809777
-10.4,41,166.96249
-10.27,28,167.059174
-10.61,62,167.369095
-11.25,126,167.832943
-10.53,54,168.032259
-10.47,48,168.210616
-10.1,11,168.255567
-10.05,6,168.275738
-10.08,9,168.311877
-10.38,39,168.528481
-10.5,51,168.722895
-10.54,55,168.927787
-10.49,50,169.11677
-10.22,23,169.199658
-10.52,53,169.394881
-10.35,36,169.523818
-10.07,8,169.556103
-10.35,36,169.765969
-10.34,35,169.894744
-10.14,15,169.959269
-10.07,8,169.982986
-10.3,31,170.101709
-10.25,26,170.194733
-10.14,15,170.250675
-10.65,66,170.489445
-10.13,14,170.539772
-10.79,80,170.952035
-10.38,39,171.151589
-10.54,55,171.458228
-10.27,28,171.627872
-10.31,32,171.835302
-10.62,63,172.244726
-10.35,36,172.419292
-10.2,21,172.546376
-10.38,39,172.765522
-10.28,29,172.940469
-10.21,22,173.058256
-10.52,53,173.386203
-10.13,14,173.460322
-10.44,45,173.698146
-10.04,5,173.730428
-10.07,8,173.785138
-10.12,13,173.854275
-10.1,11,173.920036
-10.19,20,174.040654
-10.18,19,174.158376
-10.15,16,174.242613
-10.47,48,174.557979
-10.17,18,174.653723
-10.2,21,174.760501
-10.08,9,174.814703
-10.09,10,174.875831
-10.48,49,175.153434
-11.52,153,176.066473
-10.25,26,176.197451
-10.29,30,176.354929
-10.61,62,176.676634
-10.14,15,176.76083
-10.22,23,176.919753
-10.92,93,177.446201
-10.41,42,177.655999
-10.15,16,177.734802
-10.13,14,177.806785
-10.15,16,177.88575
-10.48,49,178.218876
-11.27,128,178.904741
-10.31,32,179.06391
-10.79,80,179.5685
-10.12,13,179.638445
-10.55,56,179.889165
-10.13,14,179.940967
-10.15,16,179.996275
-10.14,15,180.049305
-10.28,29,180.15627
-10.96,97,180.59587
-10.18,19,180.66589
-10.35,36,180.796821
-10.43,44,180.955533
-10.16,17,181.016659
-10.38,39,181.156213
-10.11,12,181.204206
-10.29,30,181.317566
-10.3,31,181.428416
-10.36,37,181.571121
-10.6,61,181.880558
-10.07,8,181.912312
-10.35,36,182.040708
-10.13,14,182.093326
-10.27,28,182.197108
-11.04,105,182.577791
-10.24,25,182.667978
-10.26,27,182.76443
-10.15,16,182.846349
-10.7,71,183.159434
-10.1,11,183.205259
-10.15,16,183.262198
-10.37,38,183.393475
-10.25,26,183.499372
-10.6,61,183.717345
-10.75,76,183.990854
-10.09,10,184.048748
-10.44,45,184.276381
-10.28,29,184.383825
-10.44,45,184.546921
-10.35,36,184.675455
-10.78,79,184.962436
-10.13,14,185.015294
-11.07,108,185.497868
-10.19,20,185.581242
-10.18,19,185.655823
-10.35,36,185.79384
-10.29,30,185.902025
-10.32,33,186.024132
-10.18,19,186.094123
-10.4,41,186.23979
-10.07,8,186.264523
-10.12,13,186.314922
-10.14,15,186.36914
-10.67,68,186.717792
-10.58,59,186.943721
-12.18,219,187.988381
-10.39,40,188.199565
-10.39,40,188.433137
-10.54,55,188.752174
-10.36,37,189.003041
-10.22,23,189.134987
-10.04,5,189.160186
-10.16,17,189.255984
-10.05,6,189.289343
-10.7,71,189.684348
-10.53,54,189.994669
-10.4,41,190.28334
-10.07,8,190.32856
-10.58,59,190.664129
-10.11,12,190.734534
-11.14,115,191.439331
-10.04,5,191.466006
-10.25,26,191.602448
-10.36,37,191.827443
-10.17,18,191.938471
-10.73,74,192.393118
-10.82,83,192.907482
-10.29,30,193.054029
-10.7,71,193.409981
-10.32,33,193.57348
-10.45,46,193.870851
-10.08,9,193.929708
-10.35,36,194.131185
-10.31,32,194.297484
-10.4,41,194.506534
-10.22,23,194.622311
-10.27,28,194.745592
-10.31,32,194.951385
-10.37,38,195.192964
-10.75,76,195.564415
-10.22,23,195.687145
-10.6,61,195.993065
-10.27,28,196.201618
-10.08,9,196.261509
-10.15,16,196.348241
-10.39,40,196.561194
-10.16,17,196.625011
-10.48,49,196.797013
-10.09,10,196.832764
-10.3,31,196.943616
-10.05,6,196.964723
-10.16,17,197.029707
-10.43,44,197.188812
-10.16,17,197.248626
-10.25,26,197.410351
-10.1,11,197.463731
-10.19,20,197.536231
-10.14,15,197.597679
-10.1,11,197.641106
-10.68,69,197.889575
-10.2,21,197.982851
-10.78,79,198.288296
-10.17,18,198.357161
-10.13,14,198.406991
-10.3,31,198.544785
-10.5,51,198.783767
-10.62,63,199.013705
-10.41,42,199.163553
-10.35,36,199.291726
-12.71,272,200.37732
-10.25,26,200.470519
-11.04,105,200.851504
-10.28,29,201.028401
-11.21,122,201.474591
-10.2,21,201.55044
-10.5,51,201.737429
-10.24,25,201.827461
-10.87,88,202.201296
-10.11,12,202.273397
-10.33,34,202.392135
-10.09,10,202.427853
-10.11,12,202.481301
-10.07,8,202.526573
-11.96,197,203.247481
-10.47,48,203.514318
-10.09,10,203.549153
-10.7,71,203.817312
-10.35,36,203.947003
-11.24,125,204.634562
-10.11,12,204.697504
-10.25,26,204.82286
-10.1,11,204.893698
-10.3,31,205.067193
-10.09,10,205.130049
-10.04,5,205.16115
-10.11,12,205.22324
-10.16,17,205.321057
-10.23,24,205.45367
-10.13,14,205.534775
-10.13,14,205.619514
-11.45,146,206.498576
-10.4,41,206.725999
-10.28,29,206.933209
-11.16,117,207.609389
-10.37,38,207.838113
-10.26,27,208.004279
-10.4,41,208.286537
-10.29,30,208.439267
-10.12,13,208.508569
-10.19,20,208.632226
-11.27,128,209.437965
-10.39,40,209.6574
-10.23,24,209.784165
-10.63,64,210.098111
-10.33,34,210.265606
-10.1,11,210.328892
-10.43,44,210.606308
-10.27,28,210.775902
-10.64,65,211.105856
-10.59,60,211.413395
-10.57,58,211.795193
-10.45,46,212.053715
-10.47,48,212.295636
-10.34,35,212.469017
-11.14,115,213.135498
-10.96,97,213.658704
-10.09,10,213.710523
-10.58,59,213.928535
-11.36,137,214.521533
-10.05,6,214.544175
-10.19,20,214.615009
-10.14,15,214.669904
-10.11,12,214.7208
-10.13,14,214.767953
-10.25,26,214.864892
-10.21,22,214.943381
-10.52,53,215.144904
-10.07,8,215.175663
-10.15,16,215.262765
-10.21,22,215.397894
-10.38,39,215.543302
-10.12,13,215.586521
-10.09,10,215.62275
-10.19,20,215.696126
-10.3,31,215.808875
-10.73,74,216.075823
-10.57,58,216.287654
-10.23,24,216.377381
-10.07,8,216.4023
-10.11,12,216.529843
-10.52,53,216.747307
-10.13,14,216.805669
-10.61,62,217.026365
-10.76,77,217.313466
-10.59,60,217.531465
-10.36,37,217.721866
-10.09,10,217.797615
-10.28,29,217.915339
-10.27,28,218.028716
-10.86,87,218.344707
-10.55,56,218.547279
-10.2,21,218.633777
-10.11,12,218.679815
-12.21,222,219.593554
-10.39,40,219.736105
-10.13,14,219.785499
-10.35,36,219.916905
-10.22,23,220.002468
-10.07,8,220.02862
-10.6,61,220.332941
-10.09,10,220.370527
-10.05,6,220.391863
-10.08,9,220.424555
-10.17,18,220.488528
-10.67,68,220.735178
-10.11,12,220.775403
-10.57,58,221.011323
-11.32,133,221.668575
-10.44,45,221.93855
-10.21,22,222.073014
-10.33,34,222.268341
-10.6,61,222.670779
-10.47,48,222.902254
-10.45,46,223.183356
-10.29,30,223.370224
-10.85,86,223.875953
-10.14,15,223.955673
-10.88,89,224.468112
-10.2,21,224.581078
-11.63,164,225.613221
-10.3,31,225.802647
-10.61,62,226.199463
-10.3,31,226.356999
-10.4,41,226.573016
-10.04,5,226.599034
-10.91,92,227.061062
-10.1,11,227.115442
-10.24,25,227.277445
-10.43,44,227.554538
-10.3,31,227.727495
-10.22,23,227.846597
-10.41,42,228.05417
-10.58,59,228.347641
-10.58,59,228.74315
-10.8,81,229.164182
-10.02,3,229.182344
-10.13,14,229.247835
-11.25,126,230.00138
-10.59,60,230.315121
-10.43,44,230.527837
-10.34,35,230.653927
-11.14,115,231.166152
-10.41,42,231.322671
-10.34,35,231.450738
-11.66,167,232.11282
-10.46,47,232.344165
-10.34,35,232.472389
-10.17,18,232.53537
-10.08,9,232.568542
-10.19,20,232.641902
-10.72,73,232.923148
-10.59,60,233.148835
-10.27,28,233.246884
-10.33,34,233.445373
-10.2,21,233.529436
-10.24,25,233.621701
-10.32,33,233.744067
-10.17,18,233.806159
-10.05,6,233.83777
-10.11,12,233.878769
-10.86,87,234.2019
-10.44,45,234.364686
-10.07,8,234.396766
-10.46,47,234.625779
-10.53,54,234.850317
-10.18,19,234.922276
-10.13,14,234.975675
-10.07,8,234.999826
-10.22,23,235.089487
-10.26,27,235.184093
-10.13,14,235.237459
-10.2,21,235.314267
-10.14,15,235.367614
-10.19,20,235.441706
-10.7,71,235.705683
-10.29,30,235.903986
-10.03,4,235.912497
-10.65,66,236.156563
-10.23,24,236.248465
-10.41,42,236.406016
-10.37,38,236.547682
-10.48,49,236.724906
-10.59,60,236.962217
-10.21,22,237.111758
-10.53,54,237.302667
-11.12,113,237.714607
-10.07,8,237.745263
-10.36,37,237.882522
-10.14,15,237.935652
-10.33,34,238.065445
-10.22,23,238.245647
-10.23,24,238.399635
-10.36,37,238.587195
-10.46,47,238.89989
-10.56,57,239.319232
-10.19,20,239.512575
-10.42,43,239.762785
-10.77,78,240.194684
-10.17,18,240.295181
