#{"t_start": 1716949820.8427901, "env_id": "None"}
r,l,t
-0.2,20,3.821483
-0.13,13,3.874819
-0.12,12,3.925091
-0.08,8,3.958142
-0.22,22,4.038955
-0.05,5,4.051478
-0.08,8,4.069261
-0.07,7,4.082785
-0.11,11,4.104817
-0.08,8,4.127628
-0.1,10,4.151346
-0.04,4,4.158882
-0.2,20,4.199519
-0.05,5,4.210138
-0.1,10,4.229689
-0.08,8,4.252252
-0.17,17,4.299388
-0.16,16,4.337565
-0.45,45,4.541832
-0.15,15,4.607065
-0.16,16,4.676532
-0.2,20,4.729681
-0.11,11,4.75328
-0.1,10,4.775882
-0.1,10,4.80184
-0.03,3,4.809355
-0.05,5,4.820919
-0.12,12,4.848017
-0.12,12,4.876184
-0.11,11,4.902778
-0.11,11,4.927816
-0.17,17,4.964976
-0.08,8,4.981036
-0.11,11,5.007623
-0.16,16,5.043353
-0.36,36,5.147366
-0.07,7,5.169512
-0.17,17,5.228224
-0.05,5,5.244754
-0.09,9,5.276141
-0.33,33,5.364947
-0.07,7,5.3815
-0.14,14,5.429121
-0.05,5,5.442315
-0.26,26,5.534264
-0.16,16,5.580992
-0.14,14,5.642837
-0.1,10,5.676559
-0.06,6,5.69109
-0.05,5,5.704122
-0.09,9,5.726171
-0.08,8,5.745229
-0.06,6,5.759766
-0.11,11,5.789493
-0.12,12,5.818974
-0.08,8,5.83754
-0.14,14,5.870669
-0.06,6,5.891849
-0.14,14,5.924429
-0.04,4,5.934483
-0.13,13,5.96766
-0.03,3,5.975955
-0.06,6,5.994791
-0.18,18,6.049142
-0.23,23,6.131738
-0.18,18,6.176948
-0.12,12,6.209054
-0.08,8,6.235421
-0.13,13,6.275106
-0.1,10,6.297186
-0.04,4,6.30624
-0.23,23,6.378599
-0.03,3,6.385626
-0.06,6,6.398679
-0.03,3,6.405713
-0.05,5,6.416772
-0.1,10,6.445558
-0.14,14,6.476685
-0.04,4,6.485242
-0.22,22,6.535419
-0.11,11,6.567998
-0.18,18,6.61261
-0.05,5,6.627172
-0.3,30,6.768063
-0.2,20,6.830812
-0.16,16,6.879524
-0.3,30,7.014066
-0.1,10,7.037611
-0.15,15,7.084845
-0.09,9,7.112592
-0.21,21,7.17658
-0.05,5,7.191253
-0.11,11,7.222564
-0.19,19,7.280895
-0.1,10,7.313763
-0.06,6,7.327801
-0.04,4,7.336845
-0.05,5,7.347889
-0.15,15,7.381024
-0.03,3,7.386554
-0.16,16,7.423722
-0.11,11,7.448822
-0.03,3,7.456863
-0.03,3,7.463381
-0.08,8,7.480953
-0.16,16,7.517308
-0.06,6,7.535841
-0.22,22,7.587033
-0.05,5,7.598058
-0.3,30,7.676724
-0.08,8,7.693797
-0.04,4,7.70147
-0.05,5,7.711503
-0.07,7,7.725549
-0.03,3,7.734653
-0.14,14,7.767724
-0.09,9,7.792894
-0.08,8,7.813973
-0.16,16,7.866103
-0.15,15,7.896674
-0.12,12,7.920708
-0.1,10,7.941757
-0.09,9,7.962793
-0.09,9,7.980828
-0.05,5,7.991849
-0.41,41,8.078559
-0.14,14,8.107099
-0.1,10,8.127963
-0.09,9,8.145527
-0.03,3,8.151034
-0.16,16,8.185637
-0.09,9,8.207823
-0.07,7,8.236313
-0.07,7,8.264212
-0.18,18,8.309578
-0.07,7,8.324126
-0.08,8,8.355635
-0.05,5,8.365638
-0.07,7,8.379704
499.91,10,8.402323
-0.1,10,8.423479
-0.08,8,8.441118
-0.05,5,8.45397
-0.07,7,8.467987
-0.07,7,8.482542
-0.08,8,8.502132
-0.04,4,8.509136
-0.07,7,8.524162
-0.09,9,8.542199
-0.09,9,8.560787
-0.34,34,8.661433
-0.03,3,8.671708
-0.07,7,8.690762
-0.11,11,8.737873
-0.07,7,8.755942
-0.23,23,8.807536
-0.17,17,8.847637
-0.14,14,8.882774
-0.05,5,8.923431
-0.12,12,9.012078
-0.08,8,9.029607
-0.12,12,9.05768
-0.1,10,9.077229
-0.06,6,9.094759
-0.07,7,9.108312
-0.2,20,9.159719
-0.12,12,9.184795
-0.12,12,9.215162
-0.12,12,9.249405
-0.04,4,9.257625
-0.08,8,9.276696
-0.06,6,9.289719
-0.21,21,9.332355
-0.09,9,9.350872
-0.09,9,9.368925
-0.11,11,9.394019
-0.03,3,9.399529
-0.13,13,9.445119
-0.08,8,9.467147
-0.16,16,12.410048
-0.17,17,12.499685
-0.04,4,12.519332
-0.14,14,12.595178
-0.03,3,12.612728
-0.05,5,12.6318
-0.16,16,12.678463
-0.1,10,12.724212
-0.04,4,12.735278
-0.27,27,12.812888
-0.03,3,12.820897
-0.07,7,12.837443
-0.09,9,12.859533
-0.03,3,12.86705
-0.03,3,12.875375
-0.1,10,12.919363
-0.1,10,12.969261
499.76,25,13.049024
-0.15,15,13.087697
-0.1,10,13.113326
-0.05,5,13.126437
-0.07,7,13.142987
-0.04,4,13.152005
-0.06,6,13.166508
-0.04,4,13.176053
-0.03,3,13.182582
-0.05,5,13.19462
-0.06,6,13.208175
-0.1,10,13.233761
499.86,15,13.280844
-0.12,12,13.30791
-0.2,20,13.358075
-0.03,3,13.369107
-0.05,5,13.386155
-0.08,8,13.422996
-0.03,3,13.429509
-0.15,15,13.473695
-0.2,20,13.533852
-0.13,13,13.569758
-0.24,24,13.629331
-0.04,4,13.638358
-0.29,29,13.811105
-0.36,36,13.902946
-0.24,24,13.958479
-0.19,19,14.017652
-0.13,13,14.075896
499.83,18,14.128038
-0.16,16,14.181141
-0.05,5,14.199178
-0.09,9,14.235866
-0.13,13,14.285958
-0.05,5,14.305002
-0.12,12,14.344734
-0.12,12,14.392873
-0.1,10,14.416946
-0.17,17,14.459635
-0.29,29,14.532917
-0.29,29,14.640825
-0.11,11,14.670893
-0.15,15,14.705525
-0.14,14,14.765193
-0.04,4,14.779843
-0.04,4,14.788911
-0.17,17,14.828837
-0.23,23,14.91513
-0.03,3,14.929498
-0.13,13,15.000959
-0.03,3,15.015015
-0.15,15,15.057115
-0.16,16,15.094274
-0.11,11,15.120845
-0.06,6,15.135411
-0.06,6,15.149444
-0.09,9,15.169517
-0.13,13,15.20164
-0.09,9,15.225215
-0.05,5,15.241763
-0.1,10,15.264831
-0.14,14,15.297471
-0.2,20,15.346141
-0.11,11,15.374729
-0.03,3,15.385814
-0.31,31,15.46455
-0.05,5,15.480096
-0.22,22,15.538304
-0.08,8,15.556372
-0.06,6,15.570922
-0.09,9,15.592515
-0.13,13,15.623638
-0.05,5,15.634672
-0.07,7,15.653733
-0.07,7,15.670794
-0.05,5,15.682355
-0.06,6,15.69639
-0.21,21,15.745076
-0.09,9,15.768135
-0.16,16,15.806274
-0.03,3,15.813307
-0.04,4,15.823334
-0.08,8,15.841891
-0.04,4,15.850915
-0.05,5,15.866472
-0.11,11,15.905549
-0.11,11,15.931683
-0.11,11,15.956746
-0.05,5,15.969273
-0.07,7,15.994545
-0.18,18,16.038147
-0.25,25,16.144497
-0.06,6,16.179688
-0.14,14,16.236673
-0.07,7,16.265238
-0.07,7,16.290845
-0.06,6,16.314865
-0.27,27,16.379022
-0.04,4,16.389046
-0.21,21,16.446668
-0.09,9,16.470739
-0.3,30,16.556931
-0.1,10,16.580985
-0.12,12,16.609061
-0.11,11,16.646105
-0.04,4,16.661692
-0.22,22,16.74497
-0.16,16,16.816176
-0.07,7,16.83674
-0.1,10,16.867347
-0.11,11,16.921494
-0.17,17,16.976876
-0.03,3,16.986392
-0.08,8,17.008964
-0.12,12,17.043588
-0.07,7,17.061645
-0.11,11,17.094277
-0.12,12,17.128488
-0.1,10,17.15306
-0.1,10,17.183136
-0.14,14,17.217194
-0.34,34,17.353816
-0.23,23,17.467388
-0.03,3,17.473898
-0.23,23,17.546536
-0.13,13,17.580134
-0.26,26,17.669297
-0.03,3,17.678828
-0.07,7,17.69586
-0.03,3,17.703377
-0.42,42,17.865976
-0.11,11,17.909541
-0.1,10,17.956803
-0.21,21,18.021473
-0.06,6,18.036512
-0.1,10,18.08067
-0.1,10,18.110766
-0.27,27,18.184028
-0.1,10,18.212603
-0.15,15,18.257727
-0.18,18,18.307363
-0.06,6,18.3219
-0.03,3,18.32841
-0.07,7,18.343946
-0.06,6,18.358481
-0.23,23,18.443965
-0.1,10,18.49131
-0.13,13,18.574082
-0.04,4,18.605637
-0.04,4,18.632715
-0.1,10,18.656946
-0.1,10,18.686254
-0.18,18,18.741079
-0.09,9,18.760643
-0.17,17,18.801051
-0.06,6,18.821102
-0.18,18,18.886427
-0.08,8,21.512089
-0.04,4,21.522108
-0.05,5,21.533126
-0.17,17,21.573212
-0.25,25,21.651484
-0.05,5,21.665538
-0.1,10,21.697686
-0.15,15,21.775716
-0.05,5,21.794321
-0.32,32,21.888394
-0.05,5,21.899428
-0.03,3,21.907453
-0.14,14,21.953081
-0.23,23,22.00678
-0.06,6,22.019324
-0.14,14,22.072962
-0.05,5,22.084503
-0.17,17,22.177933
-0.06,6,22.207547
-0.05,5,22.232168
-0.15,15,22.289382
-0.08,8,22.322944
-0.07,7,22.352842
-0.12,12,22.406097
-0.08,8,22.426228
-0.11,11,22.451839
-0.17,17,22.505738
-0.09,9,22.527323
-0.06,6,22.540863
-0.06,6,22.55542
-0.06,6,22.569479
-0.14,14,22.61235
-0.06,6,22.631396
-0.04,4,22.640922
-0.2,20,22.686626
-0.07,7,22.714688
-0.07,7,22.74087
-0.04,4,22.753013
-0.03,3,22.75953
-0.13,13,22.790124
-0.1,10,22.823191
-0.04,4,22.838881
-0.2,20,22.915681
-0.13,13,22.96807
-0.11,11,23.007297
-0.09,9,23.043164
-0.05,5,23.056167
-0.03,3,23.063205
-0.16,16,23.099843
-0.09,9,23.121668
-0.1,10,23.160689
-0.05,5,23.174742
-0.15,15,23.217952
-0.04,4,23.23208
-0.05,5,23.250764
-0.07,7,23.26982
-0.03,3,23.277345
-0.05,5,23.289902
-0.38,38,23.486975
-0.33,33,23.629884
-0.08,8,23.648932
-0.13,13,23.689285
-0.05,5,23.704934
-0.23,23,23.759644
-0.04,4,23.769249
-0.2,20,23.847882
-0.22,22,23.928552
-0.15,15,23.979477
-0.04,4,23.9885
-0.05,5,24.0062
499.89,12,24.037304
-0.07,7,24.060598
-0.08,8,24.079137
-0.06,6,24.092725
-0.18,18,24.135883
-0.05,5,24.147396
-0.12,12,24.176461
-0.31,31,24.248685
-0.05,5,24.260702
-0.04,4,24.269719
-0.1,10,24.293265
-0.11,11,24.318809
-0.09,9,24.340849
-0.25,25,24.398755
-0.03,3,24.405273
-0.11,11,24.430315
-0.07,7,24.445853
-0.05,5,24.459365
-0.07,7,24.484014
-0.08,8,24.503081
-0.11,11,24.555205
-0.13,13,24.658229
-0.03,3,24.664745
-0.17,17,24.706405
-0.16,16,24.743005
-0.12,12,24.770552
-0.05,5,24.784103
-0.15,15,24.818155
-0.05,5,24.830679
-0.22,22,24.88228
-0.21,21,24.964585
-0.06,6,24.992733
-0.04,4,25.011255
-0.08,8,25.029786
-0.2,20,25.076875
-0.05,5,25.087898
-0.04,4,25.096919
-0.05,5,25.108969
-0.19,19,25.15457
-0.03,3,25.162608
-0.07,7,25.178138
-0.34,34,25.259305
-0.16,16,25.296529
-0.05,5,25.308568
-0.04,4,25.317605
-0.07,7,25.334169
-0.03,3,25.3422
-0.09,9,25.366326
499.85,16,25.425476
-0.07,7,25.443959
-0.07,7,25.463035
-0.05,5,25.474056
-0.03,3,25.482074
-0.19,19,25.525551
-0.1,10,25.5491
-0.03,3,25.555616
-0.35,35,25.641413
-0.09,9,25.673682
-0.22,22,25.761054
-0.07,7,25.798628
-0.11,11,25.856601
-0.23,23,25.946595
-0.09,9,25.967631
-0.13,13,25.997206
-0.14,14,26.030842
-0.05,5,26.045879
-0.07,7,26.061919
-0.11,11,26.087494
-0.33,33,26.1687
-0.04,4,26.179479
-0.1,10,26.219102
-0.04,4,26.234591
-0.03,3,26.245616
-0.13,13,26.285016
-0.15,15,26.343173
-0.19,19,26.390997
-0.04,4,26.40496
-0.09,9,26.427034
-0.05,5,26.439583
-0.06,6,26.453624
-0.11,11,26.479181
-0.08,8,26.497727
-0.15,15,26.535905
-0.13,13,26.574583
-0.09,9,26.595621
-0.14,14,26.63168
-0.06,6,26.646234
-0.09,9,26.66728
-0.03,3,26.674289
-0.06,6,26.688817
-0.13,13,26.72439
-0.12,12,26.756459
-0.04,4,26.765483
-0.12,12,26.794058
-0.15,15,26.829649
-0.18,18,26.878759
-0.11,11,26.950504
-0.03,3,26.965041
-0.3,30,27.093824
-0.17,17,27.133911
-0.07,7,27.149444
-0.11,11,27.183015
-0.12,12,27.212608
-0.05,5,27.22463
-0.05,5,27.236674
-0.08,8,27.254749
-0.13,13,27.284835
-0.05,5,27.298855
-0.2,20,27.345486
-0.16,16,27.382047
-0.06,6,27.396077
-0.04,4,27.408116
-0.07,7,27.423644
-0.21,21,27.471764
-0.16,16,27.510851
-0.05,5,27.523173
-0.05,5,27.534195
-0.1,10,27.558745
-0.14,14,27.592231
-0.04,4,27.601273
-0.06,6,27.615796
-0.03,3,27.622305
-0.14,14,30.02125
-0.14,14,30.079047
-0.07,7,30.106499
-0.1,10,30.142015
-0.25,25,30.199232
-0.1,10,30.22182
-0.27,27,30.286575
-0.2,20,30.332259
-0.05,5,30.344299
-0.16,16,30.383073
-0.22,22,30.433678
-0.11,11,30.462017
-0.09,9,30.483165
-0.21,21,30.545252
-0.04,4,30.567803
-0.09,9,30.605355
-0.06,6,30.637049
499.84,17,30.703428
-0.07,7,30.719954
-0.09,9,30.740947
-0.23,23,30.795531
-0.38,38,30.883737
-0.15,15,30.919304
-0.04,4,30.929322
-0.16,16,30.984082
-0.11,11,31.017962
-0.12,12,31.045017
-0.08,8,31.063614
499.87,14,31.094673
-0.31,31,31.169528
-0.08,8,31.188078
-0.13,13,31.217137
-0.07,7,31.236051
-0.04,4,31.244583
-0.12,12,31.273681
-0.11,11,31.298506
-0.14,14,31.330591
-0.09,9,31.352942
-0.06,6,31.367472
-0.1,10,31.390736
-0.05,5,31.401761
-0.1,10,31.423905
-0.06,6,31.437962
-0.04,4,31.449531
-0.12,12,31.47789
-0.08,8,31.496431
-0.03,3,31.503582
-0.15,15,31.538356
-0.15,15,31.577209
-0.03,3,31.584721
-0.03,3,31.592084
-0.14,14,31.62512
-0.11,11,31.651299
-0.04,4,31.660815
-0.12,12,31.69839
-0.16,16,31.767107
-0.14,14,31.87863
-0.07,7,31.906681
-0.05,5,31.924854
-0.1,10,31.961762
-0.03,3,31.969268
-0.12,12,32.005061
-0.22,22,32.075893
-0.09,9,32.09643
-0.04,4,32.110991
-0.08,8,32.139451
-0.16,16,32.177952
-0.05,5,32.189582
-0.03,3,32.197147
-0.07,7,32.223039
-0.13,13,32.277378
-0.07,7,32.302996
-0.11,11,32.349528
-0.03,3,32.362057
-0.1,10,32.385098
-0.09,9,32.405894
-0.26,26,32.474038
-0.1,10,32.496569
-0.18,18,32.547895
-0.11,11,32.598926
-0.13,13,32.660539
-0.04,4,32.670049
-0.05,5,32.681579
499.73,28,32.747837
-0.14,14,32.794948
-0.06,6,32.817078
-0.08,8,32.848171
-0.08,8,32.884733
-0.05,5,32.930572
-0.04,4,32.961119
-0.24,24,33.060562
-0.1,10,33.086628
-0.17,17,33.125702
-0.04,4,33.134268
-0.16,16,33.171073
-0.18,18,33.226621
-0.09,9,33.250791
-0.04,4,33.260802
-0.06,6,33.274511
-0.08,8,33.292515
-0.05,5,33.309536
-0.05,5,33.32824
-0.15,15,33.361015
-0.03,3,33.368427
-0.04,4,33.377974
-0.05,5,33.38867
-0.07,7,33.404867
-0.16,16,33.477244
-0.1,10,33.50359
-0.03,3,33.512063
-0.08,8,33.544687
-0.1,10,33.567724
-0.06,6,33.580902
-0.04,4,33.589958
-0.18,18,33.639148
-0.07,7,33.669471
499.85,16,33.715088
-0.17,17,33.775491
-0.09,9,33.806053
-0.08,8,33.824297
-0.26,26,33.907945
-0.05,5,33.919082
-0.17,17,33.96645
-0.13,13,34.01694
-0.15,15,34.051323
-0.07,7,34.07515
-0.06,6,34.113012
-0.12,12,34.160873
-0.05,5,34.193871
-0.1,10,34.247651
-0.07,7,34.264805
-0.06,6,34.282562
-0.35,35,34.376963
-0.14,14,34.42459
-0.07,7,34.443637
-0.07,7,34.45865
-0.05,5,34.471175
-0.1,10,34.497712
-0.06,6,34.519262
-0.08,8,34.546001
-0.04,4,34.5551
-0.12,12,34.583712
-0.05,5,34.596257
-0.1,10,34.637567
-0.03,3,34.649108
-0.03,3,34.65914
-0.03,3,34.675266
-0.04,4,34.694357
-0.13,13,34.749388
-0.19,19,34.811137
-0.04,4,34.820648
-0.07,7,34.839562
-0.13,13,34.891304
-0.07,7,34.908833
-0.08,8,34.927457
-0.16,16,34.974673
-0.03,3,34.989341
-0.04,4,34.998362
-0.05,5,35.009953
-0.09,9,35.029991
-0.13,13,35.059222
-0.1,10,35.097297
-0.23,23,35.19603
-0.1,10,35.21893
-0.03,3,35.225946
-0.2,20,35.271869
-0.14,14,35.403403
499.83,18,35.452884
-0.12,12,35.48043
-0.07,7,35.496937
-0.14,14,35.542545
-0.15,15,35.578052
-0.08,8,35.597034
499.88,13,35.637727
-0.14,14,35.685755
-0.2,20,35.737832
-0.08,8,35.767368
-0.11,11,35.808878
-0.06,6,35.825619
-0.09,9,35.85509
-0.07,7,35.874401
-0.04,4,35.883561
-0.27,27,35.949462
-0.03,3,35.959369
-0.23,23,36.04072
-0.03,3,36.048239
-0.09,9,36.082001
-0.08,8,36.113739
-0.12,12,36.146804
-0.13,13,36.190567
-0.09,9,36.224628
-0.08,8,36.248657
-0.03,3,38.573728
-0.16,16,38.630735
-0.03,3,38.64177
-0.05,5,38.66065
-0.03,3,38.673829
-0.2,20,38.728863
-0.03,3,38.735973
-0.03,3,38.742598
-0.05,5,38.753614
-0.08,8,38.772966
-0.09,9,38.80585
-0.11,11,38.846802
-0.03,3,38.859048
-0.12,12,38.91924
-0.11,11,38.964457
-0.17,17,39.044238
-0.08,8,39.088314
-0.39,39,39.224413
-0.04,4,39.234434
-0.08,8,39.253139
-0.05,5,39.264663
-0.1,10,39.301278
-0.06,6,39.328428
-0.05,5,39.351009
-0.09,9,39.390171
-0.11,11,39.4338
-0.18,18,39.493781
-0.04,4,39.504942
-0.06,6,39.526147
-0.09,9,39.561093
-0.07,7,39.588036
-0.16,16,39.649087
-0.17,17,39.710695
-0.13,13,39.755581
-0.13,13,39.785321
-0.04,4,39.793833
-0.03,3,39.800937
-0.14,14,39.838895
-0.09,9,39.870745
-0.06,6,39.885899
-0.1,10,39.909177
-0.05,5,39.921822
-0.12,12,39.959293
499.84,17,40.001022
-0.05,5,40.012119
-0.29,29,40.079906
-0.05,5,40.091551
-0.11,11,40.125255
-0.06,6,40.159853
-0.24,24,40.285108
499.84,17,40.324291
-0.11,11,40.34988
-0.17,17,40.391039
-0.07,7,40.407089
-0.13,13,40.445213
-0.15,15,40.495848
-0.07,7,40.51191
-0.07,7,40.527977
-0.19,19,40.598085
-0.14,14,40.630642
-0.14,14,40.66291
-0.12,12,40.689383
-0.08,8,40.709496
-0.11,11,40.735643
-0.07,7,40.750675
-0.1,10,40.773791
-0.1,10,40.797004
-0.09,9,40.820822
-0.08,8,40.839695
-0.04,4,40.848987
-0.03,3,40.855557
-0.05,5,40.867577
-0.03,3,40.873929
-0.05,5,40.886008
-0.04,4,40.89503
-0.14,14,40.92919
-0.11,11,40.955258
499.84,17,40.994843
499.9,11,41.01919
-0.11,11,41.046633
-0.13,13,41.083799
-0.05,5,41.094881
-0.08,8,41.113517
-0.13,13,41.14531
-0.09,9,41.165512
-0.03,3,41.172995
-0.09,9,41.194273
-0.06,6,41.208295
-0.11,11,41.233243
-0.14,14,41.268751
-0.11,11,41.293595
-0.06,6,41.307608
-0.09,9,41.353807
-0.09,9,41.391779
-0.04,4,41.408797
-0.08,8,41.454859
-0.1,10,41.489414
-0.11,11,41.515224
-0.28,28,41.595222
-0.15,15,41.629205
-0.16,16,41.666818
-0.1,10,41.695076
-0.05,5,41.706267
-0.03,3,41.713844
-0.1,10,41.736627
-0.05,5,41.748788
-0.11,11,41.775155
-0.12,12,41.805198
-0.12,12,41.837838
-0.03,3,41.849366
499.86,15,41.900772
-0.09,9,41.924666
-0.08,8,41.943767
-0.21,21,41.992077
-0.07,7,42.008663
-0.06,6,42.024956
-0.03,3,42.032952
-0.04,4,42.042568
-0.23,23,42.097443
-0.08,8,42.115144
-0.03,3,42.12526
-0.05,5,42.137349
-0.03,3,42.144481
-0.1,10,42.168166
499.85,16,42.205224
-0.12,12,42.239169
-0.08,8,42.25875
-0.08,8,42.277095
-0.13,13,42.309256
-0.25,25,42.378523
-0.11,11,42.404094
-0.17,17,42.443338
-0.09,9,42.465861
-0.11,11,42.491538
-0.05,5,42.503205
-0.03,3,42.510716
-0.06,6,42.544357
-0.04,4,42.565233
-0.12,12,42.620968
-0.11,11,42.681367
-0.12,12,42.711321
-0.11,11,42.736523
-0.14,14,42.768863
-0.11,11,42.797024
-0.07,7,42.818407
-0.08,8,42.838428
-0.22,22,42.88952
499.84,17,42.929341
-0.19,19,42.973325
-0.09,9,42.99751
-0.1,10,43.01936
-0.03,3,43.0271
-0.05,5,43.039114
-0.05,5,43.050637
-0.09,9,43.070678
-0.05,5,43.082706
-0.12,12,43.110761
-0.14,14,43.145412
-0.04,4,43.155436
-0.05,5,43.166455
-0.04,4,43.175474
-0.1,10,43.206137
-0.07,7,43.221882
-0.09,9,43.244925
-0.07,7,43.261972
-0.2,20,43.308109
-0.17,17,43.348187
-0.07,7,43.367715
-0.07,7,43.383991
-0.05,5,43.403018
-0.4,40,43.503266
-0.04,4,43.512866
-0.07,7,43.528898
-0.07,7,43.545596
-0.14,14,43.590905
-0.12,12,43.619456
-0.07,7,43.634984
-0.06,6,43.648538
-0.09,9,43.669779
-0.05,5,43.680763
-0.08,8,43.698886
-0.03,3,43.706909
-0.09,9,43.755468
-0.06,6,43.775511
-0.17,17,43.875125
-0.11,11,43.901681
-0.06,6,43.915745
-0.09,9,43.936576
-0.08,8,43.954896
-0.12,12,43.983998
-0.26,26,44.045194
-0.15,15,44.081605
-0.07,7,44.098198
-0.03,3,44.104818
-0.05,5,44.11652
-0.05,5,44.128115
-0.03,3,44.135739
-0.19,19,44.186819
-0.13,13,44.216423
-0.15,15,44.250978
-0.17,17,44.294789
-0.04,4,44.309319
-0.16,16,44.367612
-0.1,10,44.396676
-0.04,4,44.407837
-0.07,7,46.721695
-0.03,3,46.728204
-0.14,14,46.764711
499.87,14,46.797777
-0.06,6,46.814959
-0.07,7,46.839761
-0.07,7,46.855914
-0.05,5,46.867941
-0.1,10,46.894087
-0.11,11,46.92071
-0.1,10,46.943766
-0.09,9,46.965811
-0.03,3,46.972824
-0.03,3,46.981891
499.83,18,47.033049
-0.03,3,47.053083
-0.13,13,47.106312
-0.31,31,47.187017
-0.08,8,47.210576
-0.15,15,47.248685
-0.16,16,47.289299
499.89,12,47.323407
-0.05,5,47.336434
499.86,15,47.396589
499.72,29,47.527919
499.91,10,47.553523
-0.11,11,47.579565
-0.08,8,47.601113
-0.03,3,47.612154
-0.05,5,47.628702
-0.27,27,47.702731
-0.4,40,47.809178
-0.06,6,47.823267
-0.07,7,47.838319
-0.09,9,47.859385
-0.15,15,47.916515
-0.03,3,47.927157
-0.11,11,47.956385
-0.33,33,48.075987
-0.05,5,48.094211
-0.14,14,48.14179
-0.2,20,48.187925
-0.09,9,48.223585
-0.12,12,48.250675
-0.11,11,48.27675
-0.07,7,48.29282
-0.05,5,48.312856
-0.05,5,48.324406
-0.22,22,48.388287
-0.15,15,48.453523
-0.16,16,48.512606
-0.15,15,48.556798
-0.2,20,48.651589
499.88,13,48.72418
-0.13,13,48.768821
-0.18,18,48.838939
-0.2,20,48.89794
-0.14,14,48.962013
499.91,10,48.988008
-0.07,7,49.004002
-0.13,13,49.037128
-0.07,7,49.0738
-0.13,13,49.124273
-0.08,8,49.143941
-0.08,8,49.162815
-0.05,5,49.173832
499.74,27,49.294551
-0.08,8,49.330848
-0.32,32,49.441728
-0.09,9,49.462605
-0.08,8,49.480634
-0.13,13,49.519208
499.68,33,49.599114
-0.18,18,49.652908
-0.05,5,49.665986
-0.21,21,49.713781
-0.06,6,49.732728
-0.05,5,49.753757
-0.1,10,49.838593
-0.04,4,49.856967
-0.26,26,49.969727
-0.07,7,49.987197
-0.03,3,49.994711
-0.08,8,50.012265
-0.03,3,50.019776
-0.03,3,50.026385
-0.09,9,50.046202
-0.05,5,50.063895
-0.1,10,50.099015
-0.12,12,50.126591
-0.18,18,50.174093
-0.17,17,50.218688
499.83,18,50.259046
-0.09,9,50.2906
-0.13,13,50.330785
499.63,38,50.441062
-0.03,3,50.454053
-0.11,11,50.502369
-0.05,5,50.524874
-0.11,11,50.552536
-0.14,14,50.586513
-0.09,9,50.615632
-0.07,7,50.630857
-0.12,12,50.658903
-0.11,11,50.683657
-0.04,4,50.692918
-0.17,17,50.746849
-0.04,4,50.75593
-0.09,9,50.775927
-0.07,7,50.793206
-0.23,23,50.875337
-0.13,13,50.904795
-0.05,5,50.916034
-0.05,5,50.936259
-0.26,26,51.108681
-0.22,22,51.172761
-0.23,23,51.228673
-0.13,13,51.264703
-0.14,14,51.306975
-0.03,3,51.318075
-0.14,14,51.352815
-0.03,3,51.36297
-0.09,9,51.398015
-0.09,9,51.420599
-0.07,7,51.43657
-0.08,8,51.454942
-0.06,6,51.473506
-0.07,7,51.499116
-0.14,14,51.538205
-0.05,5,51.549942
-0.04,4,51.559438
-0.03,3,51.565945
-0.07,7,51.584548
-0.3,30,51.653956
499.93,8,51.679314
-0.05,5,51.69736
-0.1,10,51.743566
-0.07,7,51.769681
-0.13,13,51.80756
499.86,15,51.868195
-0.13,13,51.917407
-0.17,17,51.963506
-0.06,6,51.976968
-0.06,6,51.991496
499.87,14,52.038978
499.8,21,52.107846
-0.05,5,52.137085
-0.11,11,52.181801
-0.19,19,52.302482
-0.17,17,52.349397
-0.07,7,52.375608
-0.04,4,52.384749
-0.11,11,52.419237
-0.15,15,52.46694
499.83,18,52.510686
-0.03,3,52.518691
-0.1,10,52.542793
-0.03,3,52.549793
-0.06,6,52.572008
-0.06,6,52.599195
-0.15,15,52.648845
-0.07,7,52.675053
-0.03,3,52.684076
-0.16,16,52.729937
-0.05,5,52.744517
-0.08,8,52.768083
-0.14,14,52.821464
-0.05,5,52.835505
-0.15,15,52.878191
-0.53,53,53.021823
-0.07,7,53.038896
-0.07,7,53.055898
-0.07,7,53.071911
-0.11,11,53.098051
-0.06,6,53.115618
-0.11,11,53.142824
-0.09,9,53.164932
-0.03,3,55.674762
-0.26,26,55.809445
-0.06,6,55.837039
-0.04,4,55.855659
-0.07,7,55.894029
-0.11,11,55.945639
499.84,17,56.000562
-0.1,10,56.033151
-0.03,3,56.046684
-0.05,5,56.064728
-0.04,4,56.075246
-0.05,5,56.087324
-0.11,11,56.115961
-0.23,23,56.169072
-0.09,9,56.189121
-0.12,12,56.220705
-0.14,14,56.252879
-0.12,12,56.28198
-0.2,20,56.331932
-0.06,6,56.346084
-0.36,36,56.432607
-0.04,4,56.442808
-0.12,12,56.470882
-0.1,10,56.494485
499.88,13,56.524396
-0.1,10,56.550495
-0.08,8,56.5771
-0.16,16,56.620805
-0.03,3,56.627321
-0.06,6,56.644413
499.86,15,56.686829
-0.03,3,56.694347
-0.05,5,56.706397
-0.06,6,56.720529
-0.07,7,56.736063
-0.12,12,56.765654
-0.06,6,56.778679
-0.08,8,56.808842
-0.07,7,56.839453
-0.16,16,56.879077
-0.14,14,56.94247
-0.03,3,56.962822
-0.18,18,57.052987
-0.07,7,57.069044
-0.08,8,57.090666
-0.03,3,57.097671
-0.2,20,57.147536
-0.03,3,57.156071
-0.09,9,57.184821
-0.03,3,57.193196
-0.04,4,57.203725
-0.06,6,57.216983
-0.15,15,57.254931
499.79,22,57.319125
-0.08,8,57.338925
-0.08,8,57.359064
499.92,9,57.401731
-0.05,5,57.417324
-0.14,14,57.450845
-0.08,8,57.469389
-0.12,12,57.497955
-0.14,14,57.533628
-0.15,15,57.568172
-0.14,14,57.604825
-0.06,6,57.619864
-0.08,8,57.64098
-0.2,20,57.699459
-0.08,8,57.723575
-0.21,21,57.826046
-0.04,4,57.840682
-0.11,11,57.892922
-0.09,9,57.916821
-0.08,8,57.938016
499.77,24,58.006995
-0.14,14,58.040725
-0.17,17,58.087351
499.86,15,58.161511
-0.15,15,58.238997
-0.09,9,58.280843
-0.05,5,58.297009
-0.15,15,58.336875
-0.1,10,58.362071
-0.05,5,58.374656
-0.1,10,58.40169
-0.05,5,58.414731
-0.13,13,58.448068
-0.05,5,58.459125
-0.07,7,58.476692
-0.06,6,58.491758
-0.03,3,58.499268
-0.08,8,58.522918
-0.05,5,58.535973
-0.08,8,58.555517
-0.12,12,58.600784
-0.07,7,58.63097
-0.12,12,58.663763
-0.04,4,58.673793
-0.09,9,58.698192
499.88,13,58.735979
-0.09,9,58.759346
-0.08,8,58.78088
-0.17,17,58.841883
-0.25,25,58.927697
-0.25,25,59.009492
499.89,12,59.039096
-0.2,20,59.094336
-0.1,10,59.117898
-0.07,7,59.13352
-0.07,7,59.14969
499.78,23,59.211592
-0.07,7,59.240712
-0.08,8,59.265296
-0.05,5,59.278353
499.86,15,59.313986
-0.04,4,59.327655
-0.09,9,59.372304
-0.04,4,59.390556
-0.12,12,59.456747
-0.09,9,59.499335
499.72,29,59.577874
-0.05,5,59.590524
-0.09,9,59.613933
-0.26,26,59.674741
-0.09,9,59.699693
-0.08,8,59.737282
-0.12,12,59.766371
-0.12,12,59.797499
-0.07,7,59.819602
-0.05,5,59.834203
-0.11,11,59.862353
-0.05,5,59.88696
-0.03,3,59.900513
-0.04,4,59.920614
-0.28,28,60.008488
-0.05,5,60.020572
-0.05,5,60.034598
-0.11,11,60.062694
-0.03,3,60.069212
-0.14,14,60.101819
499.86,15,60.140915
-0.04,4,60.153461
-0.13,13,60.183805
-0.05,5,60.194878
-0.18,18,60.236004
499.87,14,60.270578
-0.07,7,60.286116
-0.06,6,60.300711
-0.26,26,60.361209
-0.07,7,60.379757
-0.07,7,60.396823
-0.11,11,60.422455
-0.21,21,60.471567
-0.09,9,60.494419
-0.16,16,60.53251
499.81,20,60.62831
499.81,20,60.721033
-0.03,3,60.728042
-0.1,10,60.752159
-0.08,8,60.770689
-0.08,8,60.789222
-0.07,7,60.808263
-0.12,12,60.837831
-0.08,8,60.864387
499.88,13,60.918126
-0.06,6,60.932168
499.83,18,60.975243
-0.13,13,61.006299
-0.08,8,61.027338
-0.11,11,61.053395
-0.06,6,61.06893
-0.05,5,61.079444
499.81,20,61.132072
-0.07,7,61.149608
-0.07,7,61.166672
-0.1,10,61.193238
-0.16,16,61.234353
-0.04,4,61.24789
-0.15,15,61.289
-0.11,11,61.316795
-0.05,5,61.328322
-0.08,8,61.349904
499.88,13,61.388532
499.9,11,61.420676
-0.17,17,61.465288
499.86,15,61.499363
-0.08,8,61.518402
-0.15,15,61.553489
-0.33,33,61.640919
-0.08,8,61.662526
-0.09,9,61.687104
499.82,19,64.373212
-0.16,16,64.425412
499.87,14,64.475723
-0.06,6,64.499606
499.93,8,64.535216
-0.1,10,64.579352
499.9,11,64.608967
-0.08,8,64.627995
-0.09,9,64.649038
-0.17,17,64.704954
-0.1,10,64.744597
-0.09,9,64.777914
-0.11,11,64.827069
-0.17,17,64.889753
-0.12,12,64.941478
-0.03,3,64.954536
-0.04,4,64.971822
499.84,17,65.041454
-0.25,25,65.099152
-0.13,13,65.146697
-0.16,16,65.190531
-0.13,13,65.221632
-0.12,12,65.259359
-0.09,9,65.280946
-0.08,8,65.299478
-0.14,14,65.332074
-0.17,17,65.441118
-0.18,18,65.528464
-0.03,3,65.534986
-0.18,18,65.588518
499.88,13,65.631537
-0.03,3,65.642681
499.72,29,65.735024
499.91,10,65.759102
-0.03,3,65.766135
-0.03,3,65.772653
-0.13,13,65.818704
499.85,16,65.863051
-0.14,14,65.895643
499.88,13,65.94119
-0.17,17,65.981377
-0.05,5,65.993421
-0.06,6,66.011642
-0.26,26,66.080624
499.87,14,66.113787
-0.07,7,66.147319
499.86,15,66.210978
-0.03,3,66.224678
-0.11,11,66.270775
499.93,8,66.289848
499.87,14,66.32249
-0.2,20,66.403702
-0.07,7,66.428581
-0.06,6,66.444679
-0.06,6,66.47057
-0.03,3,66.483311
-0.06,6,66.509208
-0.08,8,66.544784
-0.12,12,66.616493
-0.08,8,66.653293
-0.21,21,66.748616
-0.13,13,66.785008
-0.13,13,66.821629
-0.08,8,66.840672
-0.03,3,66.847689
-0.09,9,66.868734
-0.05,5,66.88238
-0.09,9,66.913812
-0.16,16,66.965904
-0.04,4,66.975929
-0.12,12,67.014294
-0.22,22,67.094327
-0.07,7,67.118546
499.83,18,67.160727
-0.14,14,67.21344
-0.33,33,67.303054
-0.04,4,67.319799
499.89,12,67.367555
499.76,25,67.429261
-0.05,5,67.451086
-0.14,14,67.493389
-0.08,8,67.512459
-0.08,8,67.531544
-0.19,19,67.593151
-0.14,14,67.654503
-0.09,9,67.685155
499.9,11,67.71125
499.87,14,67.743402
-0.15,15,67.868781
499.65,36,67.982813
-0.09,9,68.006399
-0.15,15,68.041488
-0.06,6,68.061767
499.61,40,68.181639
-0.11,11,68.228837
-0.05,5,68.247742
499.9,11,68.2894
-0.09,9,68.323475
-0.16,16,68.361612
-0.05,5,68.373641
-0.07,7,68.389174
-0.07,7,68.408286
-0.04,4,68.423057
-0.03,3,68.433221
-0.03,3,68.44393
-0.06,6,68.466672
-0.05,5,68.483956
-0.11,11,68.510503
-0.04,4,68.52463
-0.05,5,68.541964
-0.23,23,68.598113
-0.03,3,68.605137
499.83,18,68.658779
-0.08,8,68.687659
499.82,19,68.760818
-0.07,7,68.786578
499.85,16,68.846316
499.82,19,68.905347
-0.11,11,68.931442
499.83,18,69.008128
-0.07,7,69.041229
-0.07,7,69.079313
-0.11,11,69.127494
-0.14,14,69.160616
-0.07,7,69.182866
499.79,22,69.244807
-0.15,15,69.279374
499.86,15,69.338103
-0.23,23,69.394818
-0.21,21,69.461648
-0.09,9,69.48168
-0.15,15,69.52687
499.86,15,69.581753
-0.22,22,69.656775
-0.07,7,69.673334
499.81,20,69.723524
-0.15,15,69.776086
-0.03,3,69.787261
-0.14,14,69.823949
-0.07,7,69.848656
499.92,9,69.873832
-0.26,26,69.934467
-0.23,23,70.000391
-0.1,10,70.023454
-0.26,26,70.106237
-0.07,7,70.124305
-0.03,3,70.131821
-0.21,21,70.215122
499.89,12,70.26779
-0.17,17,70.353202
-0.32,32,70.462825
-0.17,17,70.517344
-0.17,17,70.58069
-0.12,12,70.622589
-0.08,8,70.641135
-0.07,7,70.657167
-0.07,7,70.674192
-0.12,12,70.702271
-0.08,8,70.727567
-0.11,11,70.754168
-0.05,5,70.764693
499.89,12,70.793778
-0.09,9,70.814941
499.92,9,70.848631
499.89,12,70.898259
-0.04,4,70.915521
-0.13,13,70.962156
-0.2,20,71.008732
-0.04,4,71.018245
499.89,12,73.357062
-0.05,5,73.368082
499.76,25,73.425261
499.79,22,73.512922
-0.26,26,73.57403
-0.11,11,73.606571
-0.03,3,73.620595
-0.11,11,73.65273
-0.07,7,73.671915
-0.06,6,73.684934
499.74,27,73.746805
-0.11,11,73.787741
499.69,32,73.949839
-0.12,12,73.979045
-0.05,5,73.994591
-0.12,12,74.041844
-0.24,24,74.110806
-0.04,4,74.13401
-0.04,4,74.147058
-0.03,3,74.155089
-0.1,10,74.183684
-0.3,30,74.265917
-0.14,14,74.303594
-0.09,9,74.329633
-0.07,7,74.347712
-0.05,5,74.360741
-0.19,19,74.416099
-0.08,8,74.438149
499.91,10,74.463657
-0.05,5,74.476029
-0.1,10,74.499071
-0.32,32,74.578308
499.78,23,74.631671
-0.11,11,74.659712
-0.09,9,74.6893
-0.09,9,74.730526
499.86,15,74.78635
-0.19,19,74.866809
-0.03,3,74.873834
499.85,16,74.909901
499.83,18,74.950736
-0.04,4,74.959251
-0.1,10,75.010582
499.85,16,75.080936
-0.07,7,75.114475
499.87,14,75.178697
-0.05,5,75.192228
-0.09,9,75.213265
-0.03,3,75.219775
-0.07,7,75.2353
499.84,17,75.277768
499.86,15,75.321874
-0.05,5,75.332896
499.89,12,75.359421
499.92,9,75.392024
-0.1,10,75.417051
499.91,10,75.44009
-0.08,8,75.45864
-0.33,33,75.540976
-0.12,12,75.568527
-0.04,4,75.578035
-0.07,7,75.59357
-0.07,7,75.609588
-0.05,5,75.62111
-0.06,6,75.637557
-0.08,8,75.657608
-0.07,7,75.673136
-0.09,9,75.693706
-0.17,17,75.732773
-0.12,12,75.761827
-0.03,3,75.768824
-0.1,10,75.791414
-0.03,3,75.798928
-0.16,16,75.836249
-0.29,29,75.904861
-0.04,4,75.913881
-0.05,5,75.9249
-0.12,12,75.953975
-0.2,20,76.013727
-0.18,18,76.064859
499.83,18,76.118368
499.84,17,76.16462
-0.07,7,76.185665
-0.19,19,76.269828
499.85,16,76.36854
499.83,18,76.437281
499.92,9,76.462924
499.93,8,76.494029
499.85,16,76.538427
-0.07,7,76.554475
499.85,16,76.591099
499.79,22,76.643227
-0.15,15,76.686283
-0.07,7,76.713328
499.89,12,76.746902
-0.1,10,76.76944
-0.08,8,76.787476
-0.09,9,76.808357
499.89,12,76.838621
499.85,16,76.875824
-0.1,10,76.899408
499.78,23,76.959635
-0.07,7,76.975161
499.91,10,76.999278
499.87,14,77.03487
-0.24,24,77.125386
499.82,19,77.174774
-0.07,7,77.19283
-0.18,18,77.239703
499.91,10,77.266319
499.88,13,77.298105
499.81,20,77.345737
-0.03,3,77.352252
499.93,8,77.371917
499.83,18,77.454196
499.9,11,77.501874
499.76,25,77.612867
499.93,8,77.634956
-0.05,5,77.655372
-0.07,7,77.675413
-0.05,5,77.688526
-0.04,4,77.702984
-0.1,10,77.739069
499.85,16,77.77879
-0.13,13,77.811955
499.78,23,77.894854
499.8,21,77.959418
-0.03,3,77.969437
-0.05,5,77.986962
-0.05,5,77.997982
-0.13,13,78.027729
499.93,8,78.050582
-0.15,15,78.093872
499.78,23,78.148191
-0.08,8,78.166234
-0.09,9,78.187302
-0.12,12,78.220848
499.86,15,78.262891
-0.06,6,78.276906
499.81,20,78.322983
-0.07,7,78.339004
-0.04,4,78.347224
499.85,16,78.386312
499.89,12,78.415383
499.83,18,78.458762
-0.05,5,78.475642
-0.14,14,78.523876
499.82,19,78.567011
499.71,30,78.652492
-0.09,9,78.690783
-0.12,12,78.737752
499.82,19,78.818516
-0.15,15,78.85908
-0.2,20,78.918257
499.82,19,78.970925
-0.15,15,79.026986
499.82,19,79.069589
-0.05,5,79.081115
-0.16,16,79.120859
-0.03,3,79.130873
-0.22,22,79.180839
499.84,17,79.226599
-0.09,9,79.248856
-0.03,3,79.255876
-0.07,7,79.277996
-0.2,20,81.760563
-0.09,9,81.787284
499.91,10,81.819021
-0.2,20,81.874883
-0.13,13,81.905467
-0.07,7,81.92202
-0.04,4,81.934139
-0.11,11,81.972044
-0.12,12,82.000634
499.91,10,82.025221
499.9,11,82.050823
-0.03,3,82.063869
-0.05,5,82.086719
-0.07,7,82.108753
-0.18,18,82.158921
-0.18,18,82.248099
-0.03,3,82.279313
499.85,16,82.373792
-0.11,11,82.411763
-0.11,11,82.454209
-0.04,4,82.469338
499.92,9,82.506358
-0.07,7,82.531748
-0.11,11,82.562961
499.84,17,82.603111
499.93,8,82.633508
-0.04,4,82.650736
-0.05,5,82.673643
-0.13,13,82.716173
-0.08,8,82.749198
499.81,20,82.822569
499.89,12,82.868478
-0.05,5,82.886731
499.84,17,82.934044
-0.08,8,82.968097
-0.21,21,83.047391
-0.07,7,83.07984
499.88,13,83.110951
-0.1,10,83.142302
499.89,12,83.184762
-0.05,5,83.20709
-0.13,13,83.257347
499.9,11,83.297852
-0.11,11,83.323439
-0.03,3,83.330466
499.78,23,83.442657
-0.03,3,83.489122
-0.13,13,83.524746
499.87,14,83.556888
-0.04,4,83.567413
-0.07,7,83.585473
-0.13,13,83.634023
-0.2,20,83.712032
499.75,26,83.778459
499.83,18,83.835344
-0.21,21,83.894291
499.78,23,83.972205
-0.18,18,84.019589
-0.11,11,84.047772
-0.08,8,84.067358
499.91,10,84.090968
-0.15,15,84.12657
-0.05,5,84.138601
499.87,14,84.191823
499.87,14,84.22815
499.74,27,84.30838
499.91,10,84.332947
499.9,11,84.361616
-0.06,6,84.382912
-0.03,3,84.393039
-0.05,5,84.412223
-0.05,5,84.430839
-0.11,11,84.473556
-0.03,3,84.484766
-0.04,4,84.497435
-0.04,4,84.507472
-0.09,9,84.5281
499.85,16,84.613384
499.76,25,84.727541
499.85,16,84.785184
-0.05,5,84.809394
-0.06,6,84.829612
-0.06,6,84.84314
499.85,16,84.880743
-0.03,3,84.888261
499.62,39,85.007724
-0.06,6,85.021374
-0.06,6,85.043162
-0.1,10,85.084268
499.87,14,85.124355
-0.05,5,85.136375
-0.11,11,85.169262
-0.03,3,85.180893
-0.03,3,85.187427
499.89,12,85.21499
-0.13,13,85.247066
-0.14,14,85.284653
-0.09,9,85.317239
-0.19,19,85.363528
-0.1,10,85.387591
-0.07,7,85.409816
-0.07,7,85.427971
-0.03,3,85.434996
499.78,23,85.489704
499.9,11,85.516294
-0.08,8,85.542545
-0.07,7,85.567453
-0.11,11,85.607953
-0.2,20,85.675807
-0.07,7,85.692853
-0.07,7,85.708879
-0.26,26,85.805443
-0.09,9,85.85483
-0.1,10,85.909567
-0.05,5,85.921093
-0.05,5,85.932121
499.91,10,85.955678
-0.08,8,85.97472
499.84,17,86.031334
499.9,11,86.075175
499.82,19,86.144768
-0.09,9,86.165838
499.88,13,86.195469
-0.09,9,86.221776
-0.03,3,86.232903
-0.07,7,86.258107
-0.11,11,86.293408
-0.23,23,86.366881
-0.26,26,86.45542
-0.09,9,86.48168
499.84,17,86.522238
-0.03,3,86.529243
499.88,13,86.575761
-0.07,7,86.601689
-0.03,3,86.61185
-0.05,5,86.631138
-0.05,5,86.65152
499.87,14,86.701317
-0.1,10,86.737428
-0.04,4,86.752666
-0.31,31,86.843588
-0.03,3,86.850595
499.92,9,86.877793
-0.12,12,86.912117
-0.11,11,86.937649
-0.05,5,86.950706
-0.07,7,86.993351
499.86,15,87.077853
-0.09,9,87.125255
-0.1,10,87.150807
499.83,18,87.192808
-0.08,8,87.212485
499.93,8,87.238674
499.82,19,87.299134
-0.03,3,87.306149
-0.04,4,87.315657
-0.05,5,87.326925
499.9,11,87.356583
-0.09,9,87.386973
499.91,10,87.418072
499.73,28,87.525895
-0.07,7,87.552529
499.93,8,87.57936
499.87,14,87.614703
-0.04,4,87.624473
-0.05,5,87.635492
-0.12,12,87.663852
-0.05,5,87.67543
-0.05,5,87.686447
499.81,20,87.735215
-0.03,3,87.743293
-0.15,15,87.778587
-0.06,6,87.792732
-0.05,5,87.805484
-0.09,9,87.827734
-0.12,12,87.855998
-0.22,22,87.90658
499.79,22,87.96063
-0.12,12,87.988686
-0.12,12,88.016745
499.87,14,88.052617
499.9,11,88.078799
499.89,12,88.106966
499.89,12,88.137021
-0.19,19,88.212373
